<?xml version="1.0" encoding="UTF-8"?>
<gpx xmlns="http://www.topografix.com/GPX/1/1" xmlns:gpxtpx="http://www.garmin.com/xmlschemas/TrackPointExtension/v1" xmlns:xsi="http://www.w3.org/2001/XMLSchema-instance" xsi:schemaLocation="http://www.topografix.com/GPX/1/1 http://www.topografix.com/GPX/1/1/gpx.xsd" version="1.1" creator="gpx.py -- https://github.com/tkrajina/gpxpy">
  <trk>
    <trkseg>
      <trkpt lat="35.715749664232135" lon="139.66095020994544">
        <ele>47.20000076293945</ele>
        <time>2026-08-11T09:56:32Z</time>
      </trkpt>
      <trkpt lat="35.71573122404516" lon="139.66094157658517">
        <ele>47.20000076293945</ele>
        <time>2026-08-11T09:56:33Z</time>
        <extensions>
          <gpxtpx:TrackPointExtension>
            <gpxtpx:hr>126.5</gpxtpx:hr>
          </gpxtpx:TrackPointExtension>
        </extensions>
      </trkpt>
      <trkpt lat="35.71570842526853" lon="139.66092933900654">
        <ele>47</ele>
        <time>2026-08-11T09:56:34Z</time>
        <extensions>
          <gpxtpx:TrackPointExtension>
            <gpxtpx:hr>125</gpxtpx:hr>
          </gpxtpx:TrackPointExtension>
        </extensions>
      </trkpt>
      <trkpt lat="35.71568646468222" lon="139.66091173700988">
        <ele>47</ele>
        <time>2026-08-11T09:56:35Z</time>
        <extensions>
          <gpxtpx:TrackPointExtension>
            <gpxtpx:hr>124</gpxtpx:hr>
          </gpxtpx:TrackPointExtension>
        </extensions>
      </trkpt>
      <trkpt lat="35.71566492319107" lon="139.6608912013471">
        <ele>46.79999923706055</ele>
        <time>2026-08-11T09:56:36Z</time>
        <extensions>
          <gpxtpx:TrackPointExtension>
            <gpxtpx:hr>126</gpxtpx:hr>
          </gpxtpx:TrackPointExtension>
        </extensions>
      </trkpt>
      <trkpt lat="35.71564396843314" lon="139.66087074950337">
        <ele>46.599998474121094</ele>
        <time>2026-08-11T09:56:37Z</time>
        <extensions>
          <gpxtpx:TrackPointExtension>
            <gpxtpx:hr>127</gpxtpx:hr>
          </gpxtpx:TrackPointExtension>
        </extensions>
      </trkpt>
      <trkpt lat="35.715624606236815" lon="139.66084979474545">
        <ele>46.599998474121094</ele>
        <time>2026-08-11T09:56:38Z</time>
        <extensions>
          <gpxtpx:TrackPointExtension>
            <gpxtpx:hr>128</gpxtpx:hr>
          </gpxtpx:TrackPointExtension>
        </extensions>
      </trkpt>
      <trkpt lat="35.715605076402426" lon="139.66082925908267">
        <ele>46.400001525878906</ele>
        <time>2026-08-11T09:56:39Z</time>
        <extensions>
          <gpxtpx:TrackPointExtension>
            <gpxtpx:hr>129</gpxtpx:hr>
          </gpxtpx:TrackPointExtension>
        </extensions>
      </trkpt>
      <trkpt lat="35.715583534911275" lon="139.66081073507667">
        <ele>46.400001525878906</ele>
        <time>2026-08-11T09:56:40Z</time>
        <extensions>
          <gpxtpx:TrackPointExtension>
            <gpxtpx:hr>130</gpxtpx:hr>
          </gpxtpx:TrackPointExtension>
        </extensions>
      </trkpt>
      <trkpt lat="35.71556065231562" lon="139.6607933845371">
        <ele>46.20000076293945</ele>
        <time>2026-08-11T09:56:41Z</time>
        <extensions>
          <gpxtpx:TrackPointExtension>
            <gpxtpx:hr>130</gpxtpx:hr>
          </gpxtpx:TrackPointExtension>
        </extensions>
      </trkpt>
      <trkpt lat="35.715537182986736" lon="139.66077745892107">
        <ele>46.20000076293945</ele>
        <time>2026-08-11T09:56:42Z</time>
        <extensions>
          <gpxtpx:TrackPointExtension>
            <gpxtpx:hr>129</gpxtpx:hr>
          </gpxtpx:TrackPointExtension>
        </extensions>
      </trkpt>
      <trkpt lat="35.71551337838173" lon="139.66076312586665">
        <ele>46.20000076293945</ele>
        <time>2026-08-11T09:56:43Z</time>
        <extensions>
          <gpxtpx:TrackPointExtension>
            <gpxtpx:hr>129</gpxtpx:hr>
          </gpxtpx:TrackPointExtension>
        </extensions>
      </trkpt>
      <trkpt lat="35.71548999287188" lon="139.66075222939253">
        <ele>46.20000076293945</ele>
        <time>2026-08-11T09:56:44Z</time>
        <extensions>
          <gpxtpx:TrackPointExtension>
            <gpxtpx:hr>129</gpxtpx:hr>
          </gpxtpx:TrackPointExtension>
        </extensions>
      </trkpt>
      <trkpt lat="35.715464763343334" lon="139.66074166819453">
        <ele>46.20000076293945</ele>
        <time>2026-08-11T09:56:45Z</time>
        <extensions>
          <gpxtpx:TrackPointExtension>
            <gpxtpx:hr>129</gpxtpx:hr>
          </gpxtpx:TrackPointExtension>
        </extensions>
      </trkpt>
      <trkpt lat="35.71543710306287" lon="139.6607328671962">
        <ele>46.20000076293945</ele>
        <time>2026-08-11T09:56:46Z</time>
        <extensions>
          <gpxtpx:TrackPointExtension>
            <gpxtpx:hr>128</gpxtpx:hr>
          </gpxtpx:TrackPointExtension>
        </extensions>
      </trkpt>
      <trkpt lat="35.715409107506275" lon="139.66072339564562">
        <ele>46.20000076293945</ele>
        <time>2026-08-11T09:56:47Z</time>
        <extensions>
          <gpxtpx:TrackPointExtension>
            <gpxtpx:hr>128</gpxtpx:hr>
          </gpxtpx:TrackPointExtension>
        </extensions>
      </trkpt>
      <trkpt lat="35.71538161486387" lon="139.6607145946473">
        <ele>46.20000076293945</ele>
        <time>2026-08-11T09:56:48Z</time>
        <extensions>
          <gpxtpx:TrackPointExtension>
            <gpxtpx:hr>128</gpxtpx:hr>
          </gpxtpx:TrackPointExtension>
        </extensions>
      </trkpt>
      <trkpt lat="35.71535370312631" lon="139.66070654802024">
        <ele>46</ele>
        <time>2026-08-11T09:56:49Z</time>
        <extensions>
          <gpxtpx:TrackPointExtension>
            <gpxtpx:hr>129</gpxtpx:hr>
          </gpxtpx:TrackPointExtension>
        </extensions>
      </trkpt>
      <trkpt lat="35.715326461941004" lon="139.6607003454119">
        <ele>46</ele>
        <time>2026-08-11T09:56:50Z</time>
        <extensions>
          <gpxtpx:TrackPointExtension>
            <gpxtpx:hr>128</gpxtpx:hr>
          </gpxtpx:TrackPointExtension>
        </extensions>
      </trkpt>
      <trkpt lat="35.7152989692986" lon="139.6606955677271">
        <ele>45.79999923706055</ele>
        <time>2026-08-11T09:56:51Z</time>
        <extensions>
          <gpxtpx:TrackPointExtension>
            <gpxtpx:hr>128</gpxtpx:hr>
          </gpxtpx:TrackPointExtension>
        </extensions>
      </trkpt>
      <trkpt lat="35.71527063846588" lon="139.6606905385852">
        <ele>45.79999923706055</ele>
        <time>2026-08-11T09:56:52Z</time>
        <extensions>
          <gpxtpx:TrackPointExtension>
            <gpxtpx:hr>129</gpxtpx:hr>
          </gpxtpx:TrackPointExtension>
        </extensions>
      </trkpt>
      <trkpt lat="35.71524331346154" lon="139.6606860961765">
        <ele>46</ele>
        <time>2026-08-11T09:56:53Z</time>
        <extensions>
          <gpxtpx:TrackPointExtension>
            <gpxtpx:hr>129</gpxtpx:hr>
          </gpxtpx:TrackPointExtension>
        </extensions>
      </trkpt>
      <trkpt lat="35.7152162399143" lon="139.66068190522492">
        <ele>46</ele>
        <time>2026-08-11T09:56:54Z</time>
        <extensions>
          <gpxtpx:TrackPointExtension>
            <gpxtpx:hr>130</gpxtpx:hr>
          </gpxtpx:TrackPointExtension>
        </extensions>
      </trkpt>
      <trkpt lat="35.71518950164318" lon="139.6606781333685">
        <ele>46</ele>
        <time>2026-08-11T09:56:55Z</time>
        <extensions>
          <gpxtpx:TrackPointExtension>
            <gpxtpx:hr>131</gpxtpx:hr>
          </gpxtpx:TrackPointExtension>
        </extensions>
      </trkpt>
      <trkpt lat="35.71516242809594" lon="139.66067318804562">
        <ele>46</ele>
        <time>2026-08-11T09:56:56Z</time>
        <extensions>
          <gpxtpx:TrackPointExtension>
            <gpxtpx:hr>131</gpxtpx:hr>
          </gpxtpx:TrackPointExtension>
        </extensions>
      </trkpt>
      <trkpt lat="35.71513568982482" lon="139.6606684103608">
        <ele>46</ele>
        <time>2026-08-11T09:56:57Z</time>
        <extensions>
          <gpxtpx:TrackPointExtension>
            <gpxtpx:hr>132</gpxtpx:hr>
          </gpxtpx:TrackPointExtension>
        </extensions>
      </trkpt>
      <trkpt lat="35.71510995738208" lon="139.66066245920956">
        <ele>45.79999923706055</ele>
        <time>2026-08-11T09:56:58Z</time>
        <extensions>
          <gpxtpx:TrackPointExtension>
            <gpxtpx:hr>133</gpxtpx:hr>
          </gpxtpx:TrackPointExtension>
        </extensions>
      </trkpt>
      <trkpt lat="35.715086068958044" lon="139.66065525077283">
        <ele>45.79999923706055</ele>
        <time>2026-08-11T09:56:59Z</time>
        <extensions>
          <gpxtpx:TrackPointExtension>
            <gpxtpx:hr>134</gpxtpx:hr>
          </gpxtpx:TrackPointExtension>
        </extensions>
      </trkpt>
      <trkpt lat="35.7150624319911" lon="139.66064812615514">
        <ele>45.79999923706055</ele>
        <time>2026-08-11T09:57:00Z</time>
        <extensions>
          <gpxtpx:TrackPointExtension>
            <gpxtpx:hr>134</gpxtpx:hr>
          </gpxtpx:TrackPointExtension>
        </extensions>
      </trkpt>
      <trkpt lat="35.7150381244719" lon="139.66063764877617">
        <ele>45.79999923706055</ele>
        <time>2026-08-11T09:57:01Z</time>
        <extensions>
          <gpxtpx:TrackPointExtension>
            <gpxtpx:hr>134</gpxtpx:hr>
          </gpxtpx:TrackPointExtension>
        </extensions>
      </trkpt>
      <trkpt lat="35.71501398459077" lon="139.66062549501657">
        <ele>45.79999923706055</ele>
        <time>2026-08-11T09:57:02Z</time>
        <extensions>
          <gpxtpx:TrackPointExtension>
            <gpxtpx:hr>134</gpxtpx:hr>
          </gpxtpx:TrackPointExtension>
        </extensions>
      </trkpt>
      <trkpt lat="35.71498917415738" lon="139.66061007231474">
        <ele>46</ele>
        <time>2026-08-11T09:57:03Z</time>
        <extensions>
          <gpxtpx:TrackPointExtension>
            <gpxtpx:hr>134</gpxtpx:hr>
          </gpxtpx:TrackPointExtension>
        </extensions>
      </trkpt>
      <trkpt lat="35.714964950457215" lon="139.6605938114226">
        <ele>46</ele>
        <time>2026-08-11T09:57:04Z</time>
        <extensions>
          <gpxtpx:TrackPointExtension>
            <gpxtpx:hr>134</gpxtpx:hr>
          </gpxtpx:TrackPointExtension>
        </extensions>
      </trkpt>
      <trkpt lat="35.7149416487664" lon="139.66057755053043">
        <ele>46</ele>
        <time>2026-08-11T09:57:05Z</time>
        <extensions>
          <gpxtpx:TrackPointExtension>
            <gpxtpx:hr>135</gpxtpx:hr>
          </gpxtpx:TrackPointExtension>
        </extensions>
      </trkpt>
      <trkpt lat="35.714919017627835" lon="139.6605607867241">
        <ele>46</ele>
        <time>2026-08-11T09:57:06Z</time>
        <extensions>
          <gpxtpx:TrackPointExtension>
            <gpxtpx:hr>136</gpxtpx:hr>
          </gpxtpx:TrackPointExtension>
        </extensions>
      </trkpt>
      <trkpt lat="35.714899487793446" lon="139.66054159216583">
        <ele>46</ele>
        <time>2026-08-11T09:57:07Z</time>
        <extensions>
          <gpxtpx:TrackPointExtension>
            <gpxtpx:hr>136</gpxtpx:hr>
          </gpxtpx:TrackPointExtension>
        </extensions>
      </trkpt>
      <trkpt lat="35.71488096378744" lon="139.6605211403221">
        <ele>45.79999923706055</ele>
        <time>2026-08-11T09:57:08Z</time>
        <extensions>
          <gpxtpx:TrackPointExtension>
            <gpxtpx:hr>136</gpxtpx:hr>
          </gpxtpx:TrackPointExtension>
        </extensions>
      </trkpt>
      <trkpt lat="35.714861853048205" lon="139.66050278395414">
        <ele>45.599998474121094</ele>
        <time>2026-08-11T09:57:09Z</time>
        <extensions>
          <gpxtpx:TrackPointExtension>
            <gpxtpx:hr>136</gpxtpx:hr>
          </gpxtpx:TrackPointExtension>
        </extensions>
      </trkpt>
      <trkpt lat="35.71484140120447" lon="139.66048719361424">
        <ele>45.599998474121094</ele>
        <time>2026-08-11T09:57:10Z</time>
        <extensions>
          <gpxtpx:TrackPointExtension>
            <gpxtpx:hr>136</gpxtpx:hr>
          </gpxtpx:TrackPointExtension>
        </extensions>
      </trkpt>
      <trkpt lat="35.714819021523" lon="139.66047579422593">
        <ele>45.599998474121094</ele>
        <time>2026-08-11T09:57:11Z</time>
        <extensions>
          <gpxtpx:TrackPointExtension>
            <gpxtpx:hr>137</gpxtpx:hr>
          </gpxtpx:TrackPointExtension>
        </extensions>
      </trkpt>
      <trkpt lat="35.71479555219412" lon="139.66046498157084">
        <ele>45.599998474121094</ele>
        <time>2026-08-11T09:57:12Z</time>
        <extensions>
          <gpxtpx:TrackPointExtension>
            <gpxtpx:hr>137</gpxtpx:hr>
          </gpxtpx:TrackPointExtension>
        </extensions>
      </trkpt>
      <trkpt lat="35.714771915227175" lon="139.66045341454446">
        <ele>45.79999923706055</ele>
        <time>2026-08-11T09:57:13Z</time>
        <extensions>
          <gpxtpx:TrackPointExtension>
            <gpxtpx:hr>138</gpxtpx:hr>
          </gpxtpx:TrackPointExtension>
        </extensions>
      </trkpt>
      <trkpt lat="35.71474685333669" lon="139.6604405902326">
        <ele>46</ele>
        <time>2026-08-11T09:57:14Z</time>
        <extensions>
          <gpxtpx:TrackPointExtension>
            <gpxtpx:hr>138</gpxtpx:hr>
          </gpxtpx:TrackPointExtension>
        </extensions>
      </trkpt>
      <trkpt lat="35.714722629636526" lon="139.66042692773044">
        <ele>46</ele>
        <time>2026-08-11T09:57:15Z</time>
        <extensions>
          <gpxtpx:TrackPointExtension>
            <gpxtpx:hr>138</gpxtpx:hr>
          </gpxtpx:TrackPointExtension>
        </extensions>
      </trkpt>
      <trkpt lat="35.71469924412668" lon="139.66041301377118">
        <ele>45.79999923706055</ele>
        <time>2026-08-11T09:57:16Z</time>
        <extensions>
          <gpxtpx:TrackPointExtension>
            <gpxtpx:hr>138</gpxtpx:hr>
          </gpxtpx:TrackPointExtension>
        </extensions>
      </trkpt>
      <trkpt lat="35.71467703208327" lon="139.66039918363094">
        <ele>45.79999923706055</ele>
        <time>2026-08-11T09:57:17Z</time>
        <extensions>
          <gpxtpx:TrackPointExtension>
            <gpxtpx:hr>138</gpxtpx:hr>
          </gpxtpx:TrackPointExtension>
        </extensions>
      </trkpt>
      <trkpt lat="35.714654652401805" lon="139.66038577258587">
        <ele>45.79999923706055</ele>
        <time>2026-08-11T09:57:18Z</time>
        <extensions>
          <gpxtpx:TrackPointExtension>
            <gpxtpx:hr>138</gpxtpx:hr>
          </gpxtpx:TrackPointExtension>
        </extensions>
      </trkpt>
      <trkpt lat="35.71463143453002" lon="139.66037428937852">
        <ele>45.599998474121094</ele>
        <time>2026-08-11T09:57:19Z</time>
        <extensions>
          <gpxtpx:TrackPointExtension>
            <gpxtpx:hr>139</gpxtpx:hr>
          </gpxtpx:TrackPointExtension>
        </extensions>
      </trkpt>
      <trkpt lat="35.71460804902017" lon="139.6603615488857">
        <ele>45.599998474121094</ele>
        <time>2026-08-11T09:57:20Z</time>
        <extensions>
          <gpxtpx:TrackPointExtension>
            <gpxtpx:hr>139</gpxtpx:hr>
          </gpxtpx:TrackPointExtension>
        </extensions>
      </trkpt>
      <trkpt lat="35.714584328234196" lon="139.6603488922119">
        <ele>45.599998474121094</ele>
        <time>2026-08-11T09:57:21Z</time>
        <extensions>
          <gpxtpx:TrackPointExtension>
            <gpxtpx:hr>140</gpxtpx:hr>
          </gpxtpx:TrackPointExtension>
        </extensions>
      </trkpt>
      <trkpt lat="35.71455909870565" lon="139.66033439151943">
        <ele>45.599998474121094</ele>
        <time>2026-08-11T09:57:22Z</time>
        <extensions>
          <gpxtpx:TrackPointExtension>
            <gpxtpx:hr>140</gpxtpx:hr>
          </gpxtpx:TrackPointExtension>
        </extensions>
      </trkpt>
      <trkpt lat="35.71453504264355" lon="139.6603205613792">
        <ele>45.599998474121094</ele>
        <time>2026-08-11T09:57:23Z</time>
        <extensions>
          <gpxtpx:TrackPointExtension>
            <gpxtpx:hr>140</gpxtpx:hr>
          </gpxtpx:TrackPointExtension>
        </extensions>
      </trkpt>
      <trkpt lat="35.714511992409825" lon="139.66030664741993">
        <ele>45.599998474121094</ele>
        <time>2026-08-11T09:57:24Z</time>
        <extensions>
          <gpxtpx:TrackPointExtension>
            <gpxtpx:hr>140</gpxtpx:hr>
          </gpxtpx:TrackPointExtension>
        </extensions>
      </trkpt>
      <trkpt lat="35.71448860689998" lon="139.66029373928905">
        <ele>45.400001525878906</ele>
        <time>2026-08-11T09:57:25Z</time>
        <extensions>
          <gpxtpx:TrackPointExtension>
            <gpxtpx:hr>140</gpxtpx:hr>
          </gpxtpx:TrackPointExtension>
        </extensions>
      </trkpt>
      <trkpt lat="35.714465053752065" lon="139.66028150171041">
        <ele>45.20000076293945</ele>
        <time>2026-08-11T09:57:26Z</time>
        <extensions>
          <gpxtpx:TrackPointExtension>
            <gpxtpx:hr>141</gpxtpx:hr>
          </gpxtpx:TrackPointExtension>
        </extensions>
      </trkpt>
      <trkpt lat="35.71444141678512" lon="139.6602687612176">
        <ele>45.20000076293945</ele>
        <time>2026-08-11T09:57:27Z</time>
        <extensions>
          <gpxtpx:TrackPointExtension>
            <gpxtpx:hr>141</gpxtpx:hr>
          </gpxtpx:TrackPointExtension>
        </extensions>
      </trkpt>
      <trkpt lat="35.71441878564656" lon="139.6602561045438">
        <ele>45</ele>
        <time>2026-08-11T09:57:28Z</time>
        <extensions>
          <gpxtpx:TrackPointExtension>
            <gpxtpx:hr>141</gpxtpx:hr>
          </gpxtpx:TrackPointExtension>
        </extensions>
      </trkpt>
      <trkpt lat="35.71439632214606" lon="139.6602442022413">
        <ele>45</ele>
        <time>2026-08-11T09:57:29Z</time>
        <extensions>
          <gpxtpx:TrackPointExtension>
            <gpxtpx:hr>142</gpxtpx:hr>
          </gpxtpx:TrackPointExtension>
        </extensions>
      </trkpt>
      <trkpt lat="35.714372685179114" lon="139.6602333895862">
        <ele>45</ele>
        <time>2026-08-11T09:57:30Z</time>
        <extensions>
          <gpxtpx:TrackPointExtension>
            <gpxtpx:hr>142</gpxtpx:hr>
          </gpxtpx:TrackPointExtension>
        </extensions>
      </trkpt>
      <trkpt lat="35.71434896439314" lon="139.66022215783596">
        <ele>44.79999923706055</ele>
        <time>2026-08-11T09:57:31Z</time>
        <extensions>
          <gpxtpx:TrackPointExtension>
            <gpxtpx:hr>142</gpxtpx:hr>
          </gpxtpx:TrackPointExtension>
        </extensions>
      </trkpt>
      <trkpt lat="35.71432549506426" lon="139.66021059080958">
        <ele>44.599998474121094</ele>
        <time>2026-08-11T09:57:32Z</time>
        <extensions>
          <gpxtpx:TrackPointExtension>
            <gpxtpx:hr>143</gpxtpx:hr>
          </gpxtpx:TrackPointExtension>
        </extensions>
      </trkpt>
      <trkpt lat="35.714301858097315" lon="139.66019785031676">
        <ele>44.599998474121094</ele>
        <time>2026-08-11T09:57:33Z</time>
        <extensions>
          <gpxtpx:TrackPointExtension>
            <gpxtpx:hr>143</gpxtpx:hr>
          </gpxtpx:TrackPointExtension>
        </extensions>
      </trkpt>
      <trkpt lat="35.714277466759086" lon="139.6601857803762">
        <ele>44.79999923706055</ele>
        <time>2026-08-11T09:57:34Z</time>
        <extensions>
          <gpxtpx:TrackPointExtension>
            <gpxtpx:hr>143</gpxtpx:hr>
          </gpxtpx:TrackPointExtension>
        </extensions>
      </trkpt>
      <trkpt lat="35.7142524048686" lon="139.6601738780737">
        <ele>44.79999923706055</ele>
        <time>2026-08-11T09:57:35Z</time>
        <extensions>
          <gpxtpx:TrackPointExtension>
            <gpxtpx:hr>144</gpxtpx:hr>
          </gpxtpx:TrackPointExtension>
        </extensions>
      </trkpt>
      <trkpt lat="35.714229019358754" lon="139.6601619757712">
        <ele>44.79999923706055</ele>
        <time>2026-08-11T09:57:36Z</time>
        <extensions>
          <gpxtpx:TrackPointExtension>
            <gpxtpx:hr>144</gpxtpx:hr>
          </gpxtpx:TrackPointExtension>
        </extensions>
      </trkpt>
      <trkpt lat="35.71420521475375" lon="139.66014998964965">
        <ele>44.79999923706055</ele>
        <time>2026-08-11T09:57:37Z</time>
        <extensions>
          <gpxtpx:TrackPointExtension>
            <gpxtpx:hr>144</gpxtpx:hr>
          </gpxtpx:TrackPointExtension>
        </extensions>
      </trkpt>
      <trkpt lat="35.7141818292439" lon="139.66013867408037">
        <ele>44.79999923706055</ele>
        <time>2026-08-11T09:57:38Z</time>
        <extensions>
          <gpxtpx:TrackPointExtension>
            <gpxtpx:hr>144</gpxtpx:hr>
          </gpxtpx:TrackPointExtension>
        </extensions>
      </trkpt>
      <trkpt lat="35.71415802463889" lon="139.66012702323496">
        <ele>44.79999923706055</ele>
        <time>2026-08-11T09:57:39Z</time>
        <extensions>
          <gpxtpx:TrackPointExtension>
            <gpxtpx:hr>144</gpxtpx:hr>
          </gpxtpx:TrackPointExtension>
        </extensions>
      </trkpt>
      <trkpt lat="35.71413455531001" lon="139.66011503711343">
        <ele>44.79999923706055</ele>
        <time>2026-08-11T09:57:40Z</time>
        <extensions>
          <gpxtpx:TrackPointExtension>
            <gpxtpx:hr>144</gpxtpx:hr>
          </gpxtpx:TrackPointExtension>
        </extensions>
      </trkpt>
      <trkpt lat="35.71411008015275" lon="139.66010221280158">
        <ele>44.79999923706055</ele>
        <time>2026-08-11T09:57:41Z</time>
        <extensions>
          <gpxtpx:TrackPointExtension>
            <gpxtpx:hr>144</gpxtpx:hr>
          </gpxtpx:TrackPointExtension>
        </extensions>
      </trkpt>
      <trkpt lat="35.714086862280965" lon="139.6600906457752">
        <ele>45</ele>
        <time>2026-08-11T09:57:42Z</time>
        <extensions>
          <gpxtpx:TrackPointExtension>
            <gpxtpx:hr>144</gpxtpx:hr>
          </gpxtpx:TrackPointExtension>
        </extensions>
      </trkpt>
      <trkpt lat="35.714065404608846" lon="139.66007648035884">
        <ele>45</ele>
        <time>2026-08-11T09:57:43Z</time>
        <extensions>
          <gpxtpx:TrackPointExtension>
            <gpxtpx:hr>144</gpxtpx:hr>
          </gpxtpx:TrackPointExtension>
        </extensions>
      </trkpt>
      <trkpt lat="35.71404252201319" lon="139.6600642427802">
        <ele>44.79999923706055</ele>
        <time>2026-08-11T09:57:44Z</time>
        <extensions>
          <gpxtpx:TrackPointExtension>
            <gpxtpx:hr>144</gpxtpx:hr>
          </gpxtpx:TrackPointExtension>
        </extensions>
      </trkpt>
      <trkpt lat="35.71402081288397" lon="139.66005435213447">
        <ele>44.599998474121094</ele>
        <time>2026-08-11T09:57:45Z</time>
        <extensions>
          <gpxtpx:TrackPointExtension>
            <gpxtpx:hr>144</gpxtpx:hr>
          </gpxtpx:TrackPointExtension>
        </extensions>
      </trkpt>
      <trkpt lat="35.7140002772212" lon="139.66004907153547">
        <ele>44.599998474121094</ele>
        <time>2026-08-11T09:57:46Z</time>
        <extensions>
          <gpxtpx:TrackPointExtension>
            <gpxtpx:hr>144</gpxtpx:hr>
          </gpxtpx:TrackPointExtension>
        </extensions>
      </trkpt>
      <trkpt lat="35.71398393251002" lon="139.66005485504866">
        <ele>44.599998474121094</ele>
        <time>2026-08-11T09:57:47Z</time>
        <extensions>
          <gpxtpx:TrackPointExtension>
            <gpxtpx:hr>145</gpxtpx:hr>
          </gpxtpx:TrackPointExtension>
        </extensions>
      </trkpt>
      <trkpt lat="35.71396943181753" lon="139.6600695233792">
        <ele>44.599998474121094</ele>
        <time>2026-08-11T09:57:48Z</time>
        <extensions>
          <gpxtpx:TrackPointExtension>
            <gpxtpx:hr>144</gpxtpx:hr>
          </gpxtpx:TrackPointExtension>
        </extensions>
      </trkpt>
      <trkpt lat="35.713958367705345" lon="139.66009181924164">
        <ele>44.79999923706055</ele>
        <time>2026-08-11T09:57:49Z</time>
        <extensions>
          <gpxtpx:TrackPointExtension>
            <gpxtpx:hr>144</gpxtpx:hr>
          </gpxtpx:TrackPointExtension>
        </extensions>
      </trkpt>
      <trkpt lat="35.713948560878634" lon="139.66011721640825">
        <ele>45</ele>
        <time>2026-08-11T09:57:50Z</time>
        <extensions>
          <gpxtpx:TrackPointExtension>
            <gpxtpx:hr>145</gpxtpx:hr>
          </gpxtpx:TrackPointExtension>
        </extensions>
      </trkpt>
      <trkpt lat="35.713938334956765" lon="139.6601424459368">
        <ele>45.20000076293945</ele>
        <time>2026-08-11T09:57:51Z</time>
        <extensions>
          <gpxtpx:TrackPointExtension>
            <gpxtpx:hr>145</gpxtpx:hr>
          </gpxtpx:TrackPointExtension>
        </extensions>
      </trkpt>
      <trkpt lat="35.71392768993974" lon="139.6601715311408">
        <ele>45.20000076293945</ele>
        <time>2026-08-11T09:57:52Z</time>
        <extensions>
          <gpxtpx:TrackPointExtension>
            <gpxtpx:hr>145</gpxtpx:hr>
          </gpxtpx:TrackPointExtension>
        </extensions>
      </trkpt>
      <trkpt lat="35.713917296379805" lon="139.66020053252578">
        <ele>45.400001525878906</ele>
        <time>2026-08-11T09:57:53Z</time>
        <extensions>
          <gpxtpx:TrackPointExtension>
            <gpxtpx:hr>145</gpxtpx:hr>
          </gpxtpx:TrackPointExtension>
        </extensions>
      </trkpt>
      <trkpt lat="35.713906986638904" lon="139.6602325513959">
        <ele>45.400001525878906</ele>
        <time>2026-08-11T09:57:54Z</time>
        <extensions>
          <gpxtpx:TrackPointExtension>
            <gpxtpx:hr>145</gpxtpx:hr>
          </gpxtpx:TrackPointExtension>
        </extensions>
      </trkpt>
      <trkpt lat="35.71389793418348" lon="139.66026448644698">
        <ele>45.400001525878906</ele>
        <time>2026-08-11T09:57:55Z</time>
        <extensions>
          <gpxtpx:TrackPointExtension>
            <gpxtpx:hr>146</gpxtpx:hr>
          </gpxtpx:TrackPointExtension>
        </extensions>
      </trkpt>
      <trkpt lat="35.71389064192772" lon="139.6602954994887">
        <ele>45.400001525878906</ele>
        <time>2026-08-11T09:57:56Z</time>
        <extensions>
          <gpxtpx:TrackPointExtension>
            <gpxtpx:hr>146</gpxtpx:hr>
          </gpxtpx:TrackPointExtension>
        </extensions>
      </trkpt>
      <trkpt lat="35.71388326585293" lon="139.66032332740724">
        <ele>45.400001525878906</ele>
        <time>2026-08-11T09:57:57Z</time>
        <extensions>
          <gpxtpx:TrackPointExtension>
            <gpxtpx:hr>146</gpxtpx:hr>
          </gpxtpx:TrackPointExtension>
        </extensions>
      </trkpt>
      <trkpt lat="35.71387689560652" lon="139.6603493951261">
        <ele>45.400001525878906</ele>
        <time>2026-08-11T09:57:58Z</time>
        <extensions>
          <gpxtpx:TrackPointExtension>
            <gpxtpx:hr>146</gpxtpx:hr>
          </gpxtpx:TrackPointExtension>
        </extensions>
      </trkpt>
      <trkpt lat="35.71386977098882" lon="139.66037864796817">
        <ele>45.400001525878906</ele>
        <time>2026-08-11T09:57:59Z</time>
        <extensions>
          <gpxtpx:TrackPointExtension>
            <gpxtpx:hr>146</gpxtpx:hr>
          </gpxtpx:TrackPointExtension>
        </extensions>
      </trkpt>
      <trkpt lat="35.71386298164725" lon="139.66040999628603">
        <ele>45.20000076293945</ele>
        <time>2026-08-11T09:58:00Z</time>
        <extensions>
          <gpxtpx:TrackPointExtension>
            <gpxtpx:hr>146</gpxtpx:hr>
          </gpxtpx:TrackPointExtension>
        </extensions>
      </trkpt>
      <trkpt lat="35.713856695219874" lon="139.6604408416897">
        <ele>45.400001525878906</ele>
        <time>2026-08-11T09:58:01Z</time>
        <extensions>
          <gpxtpx:TrackPointExtension>
            <gpxtpx:hr>146</gpxtpx:hr>
          </gpxtpx:TrackPointExtension>
        </extensions>
      </trkpt>
      <trkpt lat="35.71385057643056" lon="139.6604741178453">
        <ele>45.400001525878906</ele>
        <time>2026-08-11T09:58:02Z</time>
        <extensions>
          <gpxtpx:TrackPointExtension>
            <gpxtpx:hr>146</gpxtpx:hr>
          </gpxtpx:TrackPointExtension>
        </extensions>
      </trkpt>
      <trkpt lat="35.71384588256478" lon="139.66050337068737">
        <ele>45.400001525878906</ele>
        <time>2026-08-11T09:58:03Z</time>
        <extensions>
          <gpxtpx:TrackPointExtension>
            <gpxtpx:hr>146</gpxtpx:hr>
          </gpxtpx:TrackPointExtension>
        </extensions>
      </trkpt>
      <trkpt lat="35.713841104879975" lon="139.66053530573845">
        <ele>45.400001525878906</ele>
        <time>2026-08-11T09:58:04Z</time>
        <extensions>
          <gpxtpx:TrackPointExtension>
            <gpxtpx:hr>146</gpxtpx:hr>
          </gpxtpx:TrackPointExtension>
        </extensions>
      </trkpt>
      <trkpt lat="35.713836662471294" lon="139.66056858189404">
        <ele>45.400001525878906</ele>
        <time>2026-08-11T09:58:05Z</time>
        <extensions>
          <gpxtpx:TrackPointExtension>
            <gpxtpx:hr>146</gpxtpx:hr>
          </gpxtpx:TrackPointExtension>
        </extensions>
      </trkpt>
      <trkpt lat="35.713832806795835" lon="139.66060210950673">
        <ele>45.400001525878906</ele>
        <time>2026-08-11T09:58:06Z</time>
        <extensions>
          <gpxtpx:TrackPointExtension>
            <gpxtpx:hr>146</gpxtpx:hr>
          </gpxtpx:TrackPointExtension>
        </extensions>
      </trkpt>
      <trkpt lat="35.71382911875844" lon="139.6606342960149">
        <ele>45.400001525878906</ele>
        <time>2026-08-11T09:58:07Z</time>
        <extensions>
          <gpxtpx:TrackPointExtension>
            <gpxtpx:hr>146</gpxtpx:hr>
          </gpxtpx:TrackPointExtension>
        </extensions>
      </trkpt>
      <trkpt lat="35.71382459253073" lon="139.6606659796089">
        <ele>45.400001525878906</ele>
        <time>2026-08-11T09:58:08Z</time>
        <extensions>
          <gpxtpx:TrackPointExtension>
            <gpxtpx:hr>146</gpxtpx:hr>
          </gpxtpx:TrackPointExtension>
        </extensions>
      </trkpt>
      <trkpt lat="35.7138192281127" lon="139.66069766320288">
        <ele>45.400001525878906</ele>
        <time>2026-08-11T09:58:09Z</time>
        <extensions>
          <gpxtpx:TrackPointExtension>
            <gpxtpx:hr>147</gpxtpx:hr>
          </gpxtpx:TrackPointExtension>
        </extensions>
      </trkpt>
      <trkpt lat="35.71381486952305" lon="139.6607280895114">
        <ele>45.400001525878906</ele>
        <time>2026-08-11T09:58:10Z</time>
        <extensions>
          <gpxtpx:TrackPointExtension>
            <gpxtpx:hr>146</gpxtpx:hr>
          </gpxtpx:TrackPointExtension>
        </extensions>
      </trkpt>
      <trkpt lat="35.713809756562114" lon="139.66075893491507">
        <ele>45.400001525878906</ele>
        <time>2026-08-11T09:58:11Z</time>
        <extensions>
          <gpxtpx:TrackPointExtension>
            <gpxtpx:hr>146</gpxtpx:hr>
          </gpxtpx:TrackPointExtension>
        </extensions>
      </trkpt>
      <trkpt lat="35.71380648761988" lon="139.66078902594745">
        <ele>45.400001525878906</ele>
        <time>2026-08-11T09:58:12Z</time>
        <extensions>
          <gpxtpx:TrackPointExtension>
            <gpxtpx:hr>146</gpxtpx:hr>
          </gpxtpx:TrackPointExtension>
        </extensions>
      </trkpt>
      <trkpt lat="35.71380321867764" lon="139.6608192846179">
        <ele>45.400001525878906</ele>
        <time>2026-08-11T09:58:13Z</time>
        <extensions>
          <gpxtpx:TrackPointExtension>
            <gpxtpx:hr>146</gpxtpx:hr>
          </gpxtpx:TrackPointExtension>
        </extensions>
      </trkpt>
      <trkpt lat="35.71379693225026" lon="139.6608499623835">
        <ele>45.400001525878906</ele>
        <time>2026-08-11T09:58:14Z</time>
        <extensions>
          <gpxtpx:TrackPointExtension>
            <gpxtpx:hr>147</gpxtpx:hr>
          </gpxtpx:TrackPointExtension>
        </extensions>
      </trkpt>
      <trkpt lat="35.713788382709026" lon="139.6608784608543">
        <ele>45.400001525878906</ele>
        <time>2026-08-11T09:58:15Z</time>
        <extensions>
          <gpxtpx:TrackPointExtension>
            <gpxtpx:hr>146</gpxtpx:hr>
          </gpxtpx:TrackPointExtension>
        </extensions>
      </trkpt>
      <trkpt lat="35.71377648040652" lon="139.66090721078217">
        <ele>45.400001525878906</ele>
        <time>2026-08-11T09:58:16Z</time>
        <extensions>
          <gpxtpx:TrackPointExtension>
            <gpxtpx:hr>146</gpxtpx:hr>
          </gpxtpx:TrackPointExtension>
        </extensions>
      </trkpt>
      <trkpt lat="35.71376508101821" lon="139.66093336232007">
        <ele>45.400001525878906</ele>
        <time>2026-08-11T09:58:17Z</time>
        <extensions>
          <gpxtpx:TrackPointExtension>
            <gpxtpx:hr>146</gpxtpx:hr>
          </gpxtpx:TrackPointExtension>
        </extensions>
      </trkpt>
      <trkpt lat="35.71375049650669" lon="139.66095926240087">
        <ele>45.400001525878906</ele>
        <time>2026-08-11T09:58:18Z</time>
        <extensions>
          <gpxtpx:TrackPointExtension>
            <gpxtpx:hr>146</gpxtpx:hr>
          </gpxtpx:TrackPointExtension>
        </extensions>
      </trkpt>
      <trkpt lat="35.71373473852873" lon="139.66098222881556">
        <ele>45.400001525878906</ele>
        <time>2026-08-11T09:58:19Z</time>
        <extensions>
          <gpxtpx:TrackPointExtension>
            <gpxtpx:hr>146</gpxtpx:hr>
          </gpxtpx:TrackPointExtension>
        </extensions>
      </trkpt>
      <trkpt lat="35.713717471808195" lon="139.66100368648767">
        <ele>45.400001525878906</ele>
        <time>2026-08-11T09:58:20Z</time>
        <extensions>
          <gpxtpx:TrackPointExtension>
            <gpxtpx:hr>146</gpxtpx:hr>
          </gpxtpx:TrackPointExtension>
        </extensions>
      </trkpt>
      <trkpt lat="35.71369810961187" lon="139.6610251441598">
        <ele>45.400001525878906</ele>
        <time>2026-08-11T09:58:21Z</time>
        <extensions>
          <gpxtpx:TrackPointExtension>
            <gpxtpx:hr>146</gpxtpx:hr>
          </gpxtpx:TrackPointExtension>
        </extensions>
      </trkpt>
      <trkpt lat="35.713678328320384" lon="139.66104383580387">
        <ele>45.20000076293945</ele>
        <time>2026-08-11T09:58:22Z</time>
        <extensions>
          <gpxtpx:TrackPointExtension>
            <gpxtpx:hr>147</gpxtpx:hr>
          </gpxtpx:TrackPointExtension>
        </extensions>
      </trkpt>
      <trkpt lat="35.713657792657614" lon="139.66106152161956">
        <ele>45.20000076293945</ele>
        <time>2026-08-11T09:58:23Z</time>
        <extensions>
          <gpxtpx:TrackPointExtension>
            <gpxtpx:hr>146</gpxtpx:hr>
          </gpxtpx:TrackPointExtension>
        </extensions>
      </trkpt>
      <trkpt lat="35.713638765737414" lon="139.66107836924493">
        <ele>45.20000076293945</ele>
        <time>2026-08-11T09:58:24Z</time>
        <extensions>
          <gpxtpx:TrackPointExtension>
            <gpxtpx:hr>146</gpxtpx:hr>
          </gpxtpx:TrackPointExtension>
        </extensions>
      </trkpt>
      <trkpt lat="35.713618313893676" lon="139.66109530068934">
        <ele>45.20000076293945</ele>
        <time>2026-08-11T09:58:25Z</time>
        <extensions>
          <gpxtpx:TrackPointExtension>
            <gpxtpx:hr>146</gpxtpx:hr>
          </gpxtpx:TrackPointExtension>
        </extensions>
      </trkpt>
      <trkpt lat="35.71359895169735" lon="139.66111374087632">
        <ele>45</ele>
        <time>2026-08-11T09:58:26Z</time>
        <extensions>
          <gpxtpx:TrackPointExtension>
            <gpxtpx:hr>146</gpxtpx:hr>
          </gpxtpx:TrackPointExtension>
        </extensions>
      </trkpt>
      <trkpt lat="35.71357984095812" lon="139.66113000176847">
        <ele>45</ele>
        <time>2026-08-11T09:58:27Z</time>
        <extensions>
          <gpxtpx:TrackPointExtension>
            <gpxtpx:hr>146</gpxtpx:hr>
          </gpxtpx:TrackPointExtension>
        </extensions>
      </trkpt>
      <trkpt lat="35.71355855092406" lon="139.66114575974643">
        <ele>44.79999923706055</ele>
        <time>2026-08-11T09:58:28Z</time>
        <extensions>
          <gpxtpx:TrackPointExtension>
            <gpxtpx:hr>146</gpxtpx:hr>
          </gpxtpx:TrackPointExtension>
        </extensions>
      </trkpt>
      <trkpt lat="35.7135377638042" lon="139.66116109862924">
        <ele>44.599998474121094</ele>
        <time>2026-08-11T09:58:29Z</time>
        <extensions>
          <gpxtpx:TrackPointExtension>
            <gpxtpx:hr>146</gpxtpx:hr>
          </gpxtpx:TrackPointExtension>
        </extensions>
      </trkpt>
      <trkpt lat="35.71351638995111" lon="139.66117585077882">
        <ele>44.599998474121094</ele>
        <time>2026-08-11T09:58:30Z</time>
        <extensions>
          <gpxtpx:TrackPointExtension>
            <gpxtpx:hr>146</gpxtpx:hr>
          </gpxtpx:TrackPointExtension>
        </extensions>
      </trkpt>
      <trkpt lat="35.71349375881255" lon="139.66119001619518">
        <ele>44.400001525878906</ele>
        <time>2026-08-11T09:58:31Z</time>
        <extensions>
          <gpxtpx:TrackPointExtension>
            <gpxtpx:hr>146</gpxtpx:hr>
          </gpxtpx:TrackPointExtension>
        </extensions>
      </trkpt>
      <trkpt lat="35.713471714407206" lon="139.66120493598282">
        <ele>44.400001525878906</ele>
        <time>2026-08-11T09:58:32Z</time>
        <extensions>
          <gpxtpx:TrackPointExtension>
            <gpxtpx:hr>146</gpxtpx:hr>
          </gpxtpx:TrackPointExtension>
        </extensions>
      </trkpt>
      <trkpt lat="35.71345059201121" lon="139.6612217836082">
        <ele>44.599998474121094</ele>
        <time>2026-08-11T09:58:33Z</time>
        <extensions>
          <gpxtpx:TrackPointExtension>
            <gpxtpx:hr>146</gpxtpx:hr>
          </gpxtpx:TrackPointExtension>
        </extensions>
      </trkpt>
      <trkpt lat="35.71342988871038" lon="139.6612373739481">
        <ele>44.599998474121094</ele>
        <time>2026-08-11T09:58:34Z</time>
        <extensions>
          <gpxtpx:TrackPointExtension>
            <gpxtpx:hr>146</gpxtpx:hr>
          </gpxtpx:TrackPointExtension>
        </extensions>
      </trkpt>
      <trkpt lat="35.71340893395245" lon="139.66125464066863">
        <ele>44.79999923706055</ele>
        <time>2026-08-11T09:58:35Z</time>
        <extensions>
          <gpxtpx:TrackPointExtension>
            <gpxtpx:hr>147</gpxtpx:hr>
          </gpxtpx:TrackPointExtension>
        </extensions>
      </trkpt>
      <trkpt lat="35.71338948793709" lon="139.6612738352269">
        <ele>44.79999923706055</ele>
        <time>2026-08-11T09:58:36Z</time>
        <extensions>
          <gpxtpx:TrackPointExtension>
            <gpxtpx:hr>147</gpxtpx:hr>
          </gpxtpx:TrackPointExtension>
        </extensions>
      </trkpt>
      <trkpt lat="35.71336878463626" lon="139.66129302978516">
        <ele>44.79999923706055</ele>
        <time>2026-08-11T09:58:37Z</time>
        <extensions>
          <gpxtpx:TrackPointExtension>
            <gpxtpx:hr>147</gpxtpx:hr>
          </gpxtpx:TrackPointExtension>
        </extensions>
      </trkpt>
      <trkpt lat="35.713349087163806" lon="139.66131230816245">
        <ele>44.79999923706055</ele>
        <time>2026-08-11T09:58:38Z</time>
        <extensions>
          <gpxtpx:TrackPointExtension>
            <gpxtpx:hr>147</gpxtpx:hr>
          </gpxtpx:TrackPointExtension>
        </extensions>
      </trkpt>
      <trkpt lat="35.713330479338765" lon="139.66133141890168">
        <ele>44.599998474121094</ele>
        <time>2026-08-11T09:58:39Z</time>
        <extensions>
          <gpxtpx:TrackPointExtension>
            <gpxtpx:hr>147</gpxtpx:hr>
          </gpxtpx:TrackPointExtension>
        </extensions>
      </trkpt>
      <trkpt lat="35.71331120096147" lon="139.66135027818382">
        <ele>44.599998474121094</ele>
        <time>2026-08-11T09:58:40Z</time>
        <extensions>
          <gpxtpx:TrackPointExtension>
            <gpxtpx:hr>148</gpxtpx:hr>
          </gpxtpx:TrackPointExtension>
        </extensions>
      </trkpt>
      <trkpt lat="35.71329259313643" lon="139.6613682154566">
        <ele>44.599998474121094</ele>
        <time>2026-08-11T09:58:41Z</time>
        <extensions>
          <gpxtpx:TrackPointExtension>
            <gpxtpx:hr>148</gpxtpx:hr>
          </gpxtpx:TrackPointExtension>
        </extensions>
      </trkpt>
      <trkpt lat="35.713275242596865" lon="139.66138397343457">
        <ele>44.599998474121094</ele>
        <time>2026-08-11T09:58:42Z</time>
        <extensions>
          <gpxtpx:TrackPointExtension>
            <gpxtpx:hr>148</gpxtpx:hr>
          </gpxtpx:TrackPointExtension>
        </extensions>
      </trkpt>
      <trkpt lat="35.713257137686014" lon="139.661400988698">
        <ele>44.599998474121094</ele>
        <time>2026-08-11T09:58:43Z</time>
        <extensions>
          <gpxtpx:TrackPointExtension>
            <gpxtpx:hr>148</gpxtpx:hr>
          </gpxtpx:TrackPointExtension>
        </extensions>
      </trkpt>
      <trkpt lat="35.713237607851624" lon="139.66141724959016">
        <ele>44.599998474121094</ele>
        <time>2026-08-11T09:58:44Z</time>
        <extensions>
          <gpxtpx:TrackPointExtension>
            <gpxtpx:hr>148</gpxtpx:hr>
          </gpxtpx:TrackPointExtension>
        </extensions>
      </trkpt>
      <trkpt lat="35.71321791037917" lon="139.66143468394876">
        <ele>44.599998474121094</ele>
        <time>2026-08-11T09:58:45Z</time>
        <extensions>
          <gpxtpx:TrackPointExtension>
            <gpxtpx:hr>148</gpxtpx:hr>
          </gpxtpx:TrackPointExtension>
        </extensions>
      </trkpt>
      <trkpt lat="35.713198045268655" lon="139.66145387850702">
        <ele>44.79999923706055</ele>
        <time>2026-08-11T09:58:46Z</time>
        <extensions>
          <gpxtpx:TrackPointExtension>
            <gpxtpx:hr>148</gpxtpx:hr>
          </gpxtpx:TrackPointExtension>
        </extensions>
      </trkpt>
      <trkpt lat="35.713177090510726" lon="139.66147399507463">
        <ele>44.79999923706055</ele>
        <time>2026-08-11T09:58:47Z</time>
        <extensions>
          <gpxtpx:TrackPointExtension>
            <gpxtpx:hr>148</gpxtpx:hr>
          </gpxtpx:TrackPointExtension>
        </extensions>
      </trkpt>
      <trkpt lat="35.71315638720989" lon="139.66149377636611">
        <ele>44.79999923706055</ele>
        <time>2026-08-11T09:58:48Z</time>
        <extensions>
          <gpxtpx:TrackPointExtension>
            <gpxtpx:hr>148</gpxtpx:hr>
          </gpxtpx:TrackPointExtension>
        </extensions>
      </trkpt>
      <trkpt lat="35.713135516270995" lon="139.66151456348598">
        <ele>44.79999923706055</ele>
        <time>2026-08-11T09:58:49Z</time>
        <extensions>
          <gpxtpx:TrackPointExtension>
            <gpxtpx:hr>148</gpxtpx:hr>
          </gpxtpx:TrackPointExtension>
        </extensions>
      </trkpt>
      <trkpt lat="35.713116992264986" lon="139.66153484769166">
        <ele>44.79999923706055</ele>
        <time>2026-08-11T09:58:50Z</time>
        <extensions>
          <gpxtpx:TrackPointExtension>
            <gpxtpx:hr>148</gpxtpx:hr>
          </gpxtpx:TrackPointExtension>
        </extensions>
      </trkpt>
      <trkpt lat="35.713097881525755" lon="139.66155571863055">
        <ele>45</ele>
        <time>2026-08-11T09:58:51Z</time>
        <extensions>
          <gpxtpx:TrackPointExtension>
            <gpxtpx:hr>148</gpxtpx:hr>
          </gpxtpx:TrackPointExtension>
        </extensions>
      </trkpt>
      <trkpt lat="35.71307944133878" lon="139.66157499700785">
        <ele>45</ele>
        <time>2026-08-11T09:58:52Z</time>
        <extensions>
          <gpxtpx:TrackPointExtension>
            <gpxtpx:hr>147</gpxtpx:hr>
          </gpxtpx:TrackPointExtension>
        </extensions>
      </trkpt>
      <trkpt lat="35.713061168789864" lon="139.66159343719482">
        <ele>45</ele>
        <time>2026-08-11T09:58:53Z</time>
        <extensions>
          <gpxtpx:TrackPointExtension>
            <gpxtpx:hr>148</gpxtpx:hr>
          </gpxtpx:TrackPointExtension>
        </extensions>
      </trkpt>
      <trkpt lat="35.71304474025965" lon="139.6616132184863">
        <ele>45</ele>
        <time>2026-08-11T09:58:54Z</time>
        <extensions>
          <gpxtpx:TrackPointExtension>
            <gpxtpx:hr>148</gpxtpx:hr>
          </gpxtpx:TrackPointExtension>
        </extensions>
      </trkpt>
      <trkpt lat="35.71302814409137" lon="139.66163501143456">
        <ele>45</ele>
        <time>2026-08-11T09:58:55Z</time>
        <extensions>
          <gpxtpx:TrackPointExtension>
            <gpxtpx:hr>148</gpxtpx:hr>
          </gpxtpx:TrackPointExtension>
        </extensions>
      </trkpt>
      <trkpt lat="35.71301297284663" lon="139.6616568043828">
        <ele>45</ele>
        <time>2026-08-11T09:58:56Z</time>
        <extensions>
          <gpxtpx:TrackPointExtension>
            <gpxtpx:hr>148</gpxtpx:hr>
          </gpxtpx:TrackPointExtension>
        </extensions>
      </trkpt>
      <trkpt lat="35.712998723611236" lon="139.6616792678833">
        <ele>45</ele>
        <time>2026-08-11T09:58:57Z</time>
        <extensions>
          <gpxtpx:TrackPointExtension>
            <gpxtpx:hr>148</gpxtpx:hr>
          </gpxtpx:TrackPointExtension>
        </extensions>
      </trkpt>
      <trkpt lat="35.71298564784229" lon="139.66170265339315">
        <ele>45.20000076293945</ele>
        <time>2026-08-11T09:58:58Z</time>
        <extensions>
          <gpxtpx:TrackPointExtension>
            <gpxtpx:hr>148</gpxtpx:hr>
          </gpxtpx:TrackPointExtension>
        </extensions>
      </trkpt>
      <trkpt lat="35.71297366172075" lon="139.66172620654106">
        <ele>45.20000076293945</ele>
        <time>2026-08-11T09:58:59Z</time>
        <extensions>
          <gpxtpx:TrackPointExtension>
            <gpxtpx:hr>147</gpxtpx:hr>
          </gpxtpx:TrackPointExtension>
        </extensions>
      </trkpt>
      <trkpt lat="35.71296142414212" lon="139.66174967586994">
        <ele>45.20000076293945</ele>
        <time>2026-08-11T09:59:00Z</time>
        <extensions>
          <gpxtpx:TrackPointExtension>
            <gpxtpx:hr>147</gpxtpx:hr>
          </gpxtpx:TrackPointExtension>
        </extensions>
      </trkpt>
      <trkpt lat="35.712946923449636" lon="139.66177498921752">
        <ele>45.20000076293945</ele>
        <time>2026-08-11T09:59:01Z</time>
        <extensions>
          <gpxtpx:TrackPointExtension>
            <gpxtpx:hr>147</gpxtpx:hr>
          </gpxtpx:TrackPointExtension>
        </extensions>
      </trkpt>
      <trkpt lat="35.71293183602393" lon="139.66180072166026">
        <ele>45.20000076293945</ele>
        <time>2026-08-11T09:59:02Z</time>
        <extensions>
          <gpxtpx:TrackPointExtension>
            <gpxtpx:hr>147</gpxtpx:hr>
          </gpxtpx:TrackPointExtension>
        </extensions>
      </trkpt>
      <trkpt lat="35.712918005883694" lon="139.66182578355074">
        <ele>45.20000076293945</ele>
        <time>2026-08-11T09:59:03Z</time>
        <extensions>
          <gpxtpx:TrackPointExtension>
            <gpxtpx:hr>147</gpxtpx:hr>
          </gpxtpx:TrackPointExtension>
        </extensions>
      </trkpt>
      <trkpt lat="35.71290409192443" lon="139.66185034252703">
        <ele>45.20000076293945</ele>
        <time>2026-08-11T09:59:04Z</time>
        <extensions>
          <gpxtpx:TrackPointExtension>
            <gpxtpx:hr>147</gpxtpx:hr>
          </gpxtpx:TrackPointExtension>
        </extensions>
      </trkpt>
      <trkpt lat="35.71288933977485" lon="139.66187372803688">
        <ele>45.20000076293945</ele>
        <time>2026-08-11T09:59:05Z</time>
        <extensions>
          <gpxtpx:TrackPointExtension>
            <gpxtpx:hr>147</gpxtpx:hr>
          </gpxtpx:TrackPointExtension>
        </extensions>
      </trkpt>
      <trkpt lat="35.71287425234914" lon="139.66189820319414">
        <ele>45.20000076293945</ele>
        <time>2026-08-11T09:59:06Z</time>
        <extensions>
          <gpxtpx:TrackPointExtension>
            <gpxtpx:hr>148</gpxtpx:hr>
          </gpxtpx:TrackPointExtension>
        </extensions>
      </trkpt>
      <trkpt lat="35.71286000311375" lon="139.66192309744656">
        <ele>45.20000076293945</ele>
        <time>2026-08-11T09:59:07Z</time>
        <extensions>
          <gpxtpx:TrackPointExtension>
            <gpxtpx:hr>148</gpxtpx:hr>
          </gpxtpx:TrackPointExtension>
        </extensions>
      </trkpt>
      <trkpt lat="35.71284751407802" lon="139.66194706968963">
        <ele>45.20000076293945</ele>
        <time>2026-08-11T09:59:08Z</time>
        <extensions>
          <gpxtpx:TrackPointExtension>
            <gpxtpx:hr>148</gpxtpx:hr>
          </gpxtpx:TrackPointExtension>
        </extensions>
      </trkpt>
      <trkpt lat="35.71283468976617" lon="139.66197380796075">
        <ele>45.20000076293945</ele>
        <time>2026-08-11T09:59:09Z</time>
        <extensions>
          <gpxtpx:TrackPointExtension>
            <gpxtpx:hr>148</gpxtpx:hr>
          </gpxtpx:TrackPointExtension>
        </extensions>
      </trkpt>
      <trkpt lat="35.712820356711745" lon="139.66200079768896">
        <ele>45.20000076293945</ele>
        <time>2026-08-11T09:59:10Z</time>
        <extensions>
          <gpxtpx:TrackPointExtension>
            <gpxtpx:hr>148</gpxtpx:hr>
          </gpxtpx:TrackPointExtension>
        </extensions>
      </trkpt>
      <trkpt lat="35.71280644275248" lon="139.66202636249363">
        <ele>45.20000076293945</ele>
        <time>2026-08-11T09:59:11Z</time>
        <extensions>
          <gpxtpx:TrackPointExtension>
            <gpxtpx:hr>148</gpxtpx:hr>
          </gpxtpx:TrackPointExtension>
        </extensions>
      </trkpt>
      <trkpt lat="35.71279210969806" lon="139.6620500832796">
        <ele>45.20000076293945</ele>
        <time>2026-08-11T09:59:12Z</time>
        <extensions>
          <gpxtpx:TrackPointExtension>
            <gpxtpx:hr>148</gpxtpx:hr>
          </gpxtpx:TrackPointExtension>
        </extensions>
      </trkpt>
      <trkpt lat="35.71277811191976" lon="139.66207422316074">
        <ele>45.20000076293945</ele>
        <time>2026-08-11T09:59:13Z</time>
        <extensions>
          <gpxtpx:TrackPointExtension>
            <gpxtpx:hr>148</gpxtpx:hr>
          </gpxtpx:TrackPointExtension>
        </extensions>
      </trkpt>
      <trkpt lat="35.712764700874686" lon="139.66209819540381">
        <ele>45.20000076293945</ele>
        <time>2026-08-11T09:59:14Z</time>
        <extensions>
          <gpxtpx:TrackPointExtension>
            <gpxtpx:hr>148</gpxtpx:hr>
          </gpxtpx:TrackPointExtension>
        </extensions>
      </trkpt>
      <trkpt lat="35.71274986490607" lon="139.6621214132756">
        <ele>45</ele>
        <time>2026-08-11T09:59:15Z</time>
        <extensions>
          <gpxtpx:TrackPointExtension>
            <gpxtpx:hr>148</gpxtpx:hr>
          </gpxtpx:TrackPointExtension>
        </extensions>
      </trkpt>
      <trkpt lat="35.71273352019489" lon="139.662146223709">
        <ele>45</ele>
        <time>2026-08-11T09:59:16Z</time>
        <extensions>
          <gpxtpx:TrackPointExtension>
            <gpxtpx:hr>148</gpxtpx:hr>
          </gpxtpx:TrackPointExtension>
        </extensions>
      </trkpt>
      <trkpt lat="35.71271809749305" lon="139.6621697768569">
        <ele>45</ele>
        <time>2026-08-11T09:59:17Z</time>
        <extensions>
          <gpxtpx:TrackPointExtension>
            <gpxtpx:hr>149</gpxtpx:hr>
          </gpxtpx:TrackPointExtension>
        </extensions>
      </trkpt>
      <trkpt lat="35.71270200423896" lon="139.6621945872903">
        <ele>45</ele>
        <time>2026-08-11T09:59:18Z</time>
        <extensions>
          <gpxtpx:TrackPointExtension>
            <gpxtpx:hr>149</gpxtpx:hr>
          </gpxtpx:TrackPointExtension>
        </extensions>
      </trkpt>
      <trkpt lat="35.71268767118454" lon="139.6622186433524">
        <ele>45</ele>
        <time>2026-08-11T09:59:19Z</time>
        <extensions>
          <gpxtpx:TrackPointExtension>
            <gpxtpx:hr>149</gpxtpx:hr>
          </gpxtpx:TrackPointExtension>
        </extensions>
      </trkpt>
      <trkpt lat="35.71267308667302" lon="139.66224303469062">
        <ele>45</ele>
        <time>2026-08-11T09:59:20Z</time>
        <extensions>
          <gpxtpx:TrackPointExtension>
            <gpxtpx:hr>149</gpxtpx:hr>
          </gpxtpx:TrackPointExtension>
        </extensions>
      </trkpt>
      <trkpt lat="35.71265892125666" lon="139.66226843185723">
        <ele>45</ele>
        <time>2026-08-11T09:59:21Z</time>
        <extensions>
          <gpxtpx:TrackPointExtension>
            <gpxtpx:hr>149</gpxtpx:hr>
          </gpxtpx:TrackPointExtension>
        </extensions>
      </trkpt>
      <trkpt lat="35.712643917649984" lon="139.66229408048093">
        <ele>45</ele>
        <time>2026-08-11T09:59:22Z</time>
        <extensions>
          <gpxtpx:TrackPointExtension>
            <gpxtpx:hr>149</gpxtpx:hr>
          </gpxtpx:TrackPointExtension>
        </extensions>
      </trkpt>
      <trkpt lat="35.712631177157164" lon="139.6623188070953">
        <ele>45</ele>
        <time>2026-08-11T09:59:23Z</time>
        <extensions>
          <gpxtpx:TrackPointExtension>
            <gpxtpx:hr>149</gpxtpx:hr>
          </gpxtpx:TrackPointExtension>
        </extensions>
      </trkpt>
      <trkpt lat="35.71261877194047" lon="139.662344455719">
        <ele>45</ele>
        <time>2026-08-11T09:59:24Z</time>
        <extensions>
          <gpxtpx:TrackPointExtension>
            <gpxtpx:hr>148</gpxtpx:hr>
          </gpxtpx:TrackPointExtension>
        </extensions>
      </trkpt>
      <trkpt lat="35.71260594762862" lon="139.6623711939901">
        <ele>45</ele>
        <time>2026-08-11T09:59:25Z</time>
        <extensions>
          <gpxtpx:TrackPointExtension>
            <gpxtpx:hr>148</gpxtpx:hr>
          </gpxtpx:TrackPointExtension>
        </extensions>
      </trkpt>
      <trkpt lat="35.71259329095483" lon="139.66239952482283">
        <ele>45</ele>
        <time>2026-08-11T09:59:26Z</time>
        <extensions>
          <gpxtpx:TrackPointExtension>
            <gpxtpx:hr>148</gpxtpx:hr>
          </gpxtpx:TrackPointExtension>
        </extensions>
      </trkpt>
      <trkpt lat="35.712579879909754" lon="139.662426430732">
        <ele>45</ele>
        <time>2026-08-11T09:59:27Z</time>
        <extensions>
          <gpxtpx:TrackPointExtension>
            <gpxtpx:hr>148</gpxtpx:hr>
          </gpxtpx:TrackPointExtension>
        </extensions>
      </trkpt>
      <trkpt lat="35.712567223235965" lon="139.6624535880983">
        <ele>44.79999923706055</ele>
        <time>2026-08-11T09:59:28Z</time>
        <extensions>
          <gpxtpx:TrackPointExtension>
            <gpxtpx:hr>148</gpxtpx:hr>
          </gpxtpx:TrackPointExtension>
        </extensions>
      </trkpt>
      <trkpt lat="35.712553979828954" lon="139.66247999109328">
        <ele>44.79999923706055</ele>
        <time>2026-08-11T09:59:29Z</time>
        <extensions>
          <gpxtpx:TrackPointExtension>
            <gpxtpx:hr>148</gpxtpx:hr>
          </gpxtpx:TrackPointExtension>
        </extensions>
      </trkpt>
      <trkpt lat="35.71253914386034" lon="139.66250530444086">
        <ele>44.79999923706055</ele>
        <time>2026-08-11T09:59:30Z</time>
        <extensions>
          <gpxtpx:TrackPointExtension>
            <gpxtpx:hr>149</gpxtpx:hr>
          </gpxtpx:TrackPointExtension>
        </extensions>
      </trkpt>
      <trkpt lat="35.71252497844398" lon="139.66253070160747">
        <ele>44.79999923706055</ele>
        <time>2026-08-11T09:59:31Z</time>
        <extensions>
          <gpxtpx:TrackPointExtension>
            <gpxtpx:hr>148</gpxtpx:hr>
          </gpxtpx:TrackPointExtension>
        </extensions>
      </trkpt>
      <trkpt lat="35.71251139976084" lon="139.66255526058376">
        <ele>44.79999923706055</ele>
        <time>2026-08-11T09:59:32Z</time>
        <extensions>
          <gpxtpx:TrackPointExtension>
            <gpxtpx:hr>148</gpxtpx:hr>
          </gpxtpx:TrackPointExtension>
        </extensions>
      </trkpt>
      <trkpt lat="35.71249572560191" lon="139.66258199885488">
        <ele>45</ele>
        <time>2026-08-11T09:59:33Z</time>
        <extensions>
          <gpxtpx:TrackPointExtension>
            <gpxtpx:hr>148</gpxtpx:hr>
          </gpxtpx:TrackPointExtension>
        </extensions>
      </trkpt>
      <trkpt lat="35.71248114109039" lon="139.6626071445644">
        <ele>45</ele>
        <time>2026-08-11T09:59:34Z</time>
        <extensions>
          <gpxtpx:TrackPointExtension>
            <gpxtpx:hr>149</gpxtpx:hr>
          </gpxtpx:TrackPointExtension>
        </extensions>
      </trkpt>
      <trkpt lat="35.71246588602662" lon="139.66263212263584">
        <ele>45</ele>
        <time>2026-08-11T09:59:35Z</time>
        <extensions>
          <gpxtpx:TrackPointExtension>
            <gpxtpx:hr>149</gpxtpx:hr>
          </gpxtpx:TrackPointExtension>
        </extensions>
      </trkpt>
      <trkpt lat="35.71244962513447" lon="139.66265743598342">
        <ele>45</ele>
        <time>2026-08-11T09:59:36Z</time>
        <extensions>
          <gpxtpx:TrackPointExtension>
            <gpxtpx:hr>149</gpxtpx:hr>
          </gpxtpx:TrackPointExtension>
        </extensions>
      </trkpt>
      <trkpt lat="35.71243294514716" lon="139.66268073767424">
        <ele>45.20000076293945</ele>
        <time>2026-08-11T09:59:37Z</time>
        <extensions>
          <gpxtpx:TrackPointExtension>
            <gpxtpx:hr>149</gpxtpx:hr>
          </gpxtpx:TrackPointExtension>
        </extensions>
      </trkpt>
      <trkpt lat="35.71241634897888" lon="139.66270420700312">
        <ele>45.20000076293945</ele>
        <time>2026-08-11T09:59:38Z</time>
        <extensions>
          <gpxtpx:TrackPointExtension>
            <gpxtpx:hr>149</gpxtpx:hr>
          </gpxtpx:TrackPointExtension>
        </extensions>
      </trkpt>
      <trkpt lat="35.712398663163185" lon="139.6627269219607">
        <ele>45.20000076293945</ele>
        <time>2026-08-11T09:59:39Z</time>
        <extensions>
          <gpxtpx:TrackPointExtension>
            <gpxtpx:hr>149</gpxtpx:hr>
          </gpxtpx:TrackPointExtension>
        </extensions>
      </trkpt>
      <trkpt lat="35.712380055338144" lon="139.6627467032522">
        <ele>45.20000076293945</ele>
        <time>2026-08-11T09:59:40Z</time>
        <extensions>
          <gpxtpx:TrackPointExtension>
            <gpxtpx:hr>149</gpxtpx:hr>
          </gpxtpx:TrackPointExtension>
        </extensions>
      </trkpt>
      <trkpt lat="35.71236035786569" lon="139.66276790946722">
        <ele>45.20000076293945</ele>
        <time>2026-08-11T09:59:41Z</time>
        <extensions>
          <gpxtpx:TrackPointExtension>
            <gpxtpx:hr>150</gpxtpx:hr>
          </gpxtpx:TrackPointExtension>
        </extensions>
      </trkpt>
      <trkpt lat="35.71234359405935" lon="139.66278777457774">
        <ele>45.20000076293945</ele>
        <time>2026-08-11T09:59:42Z</time>
        <extensions>
          <gpxtpx:TrackPointExtension>
            <gpxtpx:hr>150</gpxtpx:hr>
          </gpxtpx:TrackPointExtension>
        </extensions>
      </trkpt>
      <trkpt lat="35.712326830253005" lon="139.66280889697373">
        <ele>45.20000076293945</ele>
        <time>2026-08-11T09:59:43Z</time>
        <extensions>
          <gpxtpx:TrackPointExtension>
            <gpxtpx:hr>150</gpxtpx:hr>
          </gpxtpx:TrackPointExtension>
        </extensions>
      </trkpt>
      <trkpt lat="35.712310736998916" lon="139.66283043846488">
        <ele>45.20000076293945</ele>
        <time>2026-08-11T09:59:44Z</time>
        <extensions>
          <gpxtpx:TrackPointExtension>
            <gpxtpx:hr>150</gpxtpx:hr>
          </gpxtpx:TrackPointExtension>
        </extensions>
      </trkpt>
      <trkpt lat="35.71229640394449" lon="139.66284996829927">
        <ele>45.20000076293945</ele>
        <time>2026-08-11T09:59:45Z</time>
        <extensions>
          <gpxtpx:TrackPointExtension>
            <gpxtpx:hr>150</gpxtpx:hr>
          </gpxtpx:TrackPointExtension>
        </extensions>
      </trkpt>
      <trkpt lat="35.71228014305234" lon="139.66287075541914">
        <ele>45.20000076293945</ele>
        <time>2026-08-11T09:59:46Z</time>
        <extensions>
          <gpxtpx:TrackPointExtension>
            <gpxtpx:hr>150</gpxtpx:hr>
          </gpxtpx:TrackPointExtension>
        </extensions>
      </trkpt>
      <trkpt lat="35.71226396597922" lon="139.66289212927222">
        <ele>45.20000076293945</ele>
        <time>2026-08-11T09:59:47Z</time>
        <extensions>
          <gpxtpx:TrackPointExtension>
            <gpxtpx:hr>150</gpxtpx:hr>
          </gpxtpx:TrackPointExtension>
        </extensions>
      </trkpt>
      <trkpt lat="35.7122477889061" lon="139.66291492804885">
        <ele>45.20000076293945</ele>
        <time>2026-08-11T09:59:48Z</time>
        <extensions>
          <gpxtpx:TrackPointExtension>
            <gpxtpx:hr>150</gpxtpx:hr>
          </gpxtpx:TrackPointExtension>
        </extensions>
      </trkpt>
      <trkpt lat="35.7122321985662" lon="139.66293890029192">
        <ele>45.20000076293945</ele>
        <time>2026-08-11T09:59:49Z</time>
        <extensions>
          <gpxtpx:TrackPointExtension>
            <gpxtpx:hr>150</gpxtpx:hr>
          </gpxtpx:TrackPointExtension>
        </extensions>
      </trkpt>
      <trkpt lat="35.712217446416616" lon="139.6629612799734">
        <ele>45.20000076293945</ele>
        <time>2026-08-11T09:59:50Z</time>
        <extensions>
          <gpxtpx:TrackPointExtension>
            <gpxtpx:hr>150</gpxtpx:hr>
          </gpxtpx:TrackPointExtension>
        </extensions>
      </trkpt>
      <trkpt lat="35.71220311336219" lon="139.66298449784517">
        <ele>45.20000076293945</ele>
        <time>2026-08-11T09:59:51Z</time>
        <extensions>
          <gpxtpx:TrackPointExtension>
            <gpxtpx:hr>150</gpxtpx:hr>
          </gpxtpx:TrackPointExtension>
        </extensions>
      </trkpt>
      <trkpt lat="35.71218919940293" lon="139.66300670988858">
        <ele>45.400001525878906</ele>
        <time>2026-08-11T09:59:52Z</time>
        <extensions>
          <gpxtpx:TrackPointExtension>
            <gpxtpx:hr>150</gpxtpx:hr>
          </gpxtpx:TrackPointExtension>
        </extensions>
      </trkpt>
      <trkpt lat="35.71217553690076" lon="139.66303017921746">
        <ele>45.400001525878906</ele>
        <time>2026-08-11T09:59:53Z</time>
        <extensions>
          <gpxtpx:TrackPointExtension>
            <gpxtpx:hr>150</gpxtpx:hr>
          </gpxtpx:TrackPointExtension>
        </extensions>
      </trkpt>
      <trkpt lat="35.712161203846335" lon="139.66305482201278">
        <ele>45.400001525878906</ele>
        <time>2026-08-11T09:59:54Z</time>
        <extensions>
          <gpxtpx:TrackPointExtension>
            <gpxtpx:hr>150</gpxtpx:hr>
          </gpxtpx:TrackPointExtension>
        </extensions>
      </trkpt>
      <trkpt lat="35.71214837953448" lon="139.66308072209358">
        <ele>45.400001525878906</ele>
        <time>2026-08-11T09:59:55Z</time>
        <extensions>
          <gpxtpx:TrackPointExtension>
            <gpxtpx:hr>150</gpxtpx:hr>
          </gpxtpx:TrackPointExtension>
        </extensions>
      </trkpt>
      <trkpt lat="35.71213471703231" lon="139.66311031021178">
        <ele>45.599998474121094</ele>
        <time>2026-08-11T09:59:56Z</time>
        <extensions>
          <gpxtpx:TrackPointExtension>
            <gpxtpx:hr>150</gpxtpx:hr>
          </gpxtpx:TrackPointExtension>
        </extensions>
      </trkpt>
      <trkpt lat="35.71212122216821" lon="139.66313855722547">
        <ele>45.599998474121094</ele>
        <time>2026-08-11T09:59:57Z</time>
        <extensions>
          <gpxtpx:TrackPointExtension>
            <gpxtpx:hr>150</gpxtpx:hr>
          </gpxtpx:TrackPointExtension>
        </extensions>
      </trkpt>
      <trkpt lat="35.712109906598926" lon="139.6631672233343">
        <ele>45.599998474121094</ele>
        <time>2026-08-11T09:59:58Z</time>
        <extensions>
          <gpxtpx:TrackPointExtension>
            <gpxtpx:hr>150</gpxtpx:hr>
          </gpxtpx:TrackPointExtension>
        </extensions>
      </trkpt>
      <trkpt lat="35.71209758520126" lon="139.663195470348">
        <ele>45.599998474121094</ele>
        <time>2026-08-11T09:59:59Z</time>
        <extensions>
          <gpxtpx:TrackPointExtension>
            <gpxtpx:hr>150</gpxtpx:hr>
          </gpxtpx:TrackPointExtension>
        </extensions>
      </trkpt>
      <trkpt lat="35.71208802983165" lon="139.66322463937104">
        <ele>45.79999923706055</ele>
        <time>2026-08-11T10:00:00Z</time>
        <extensions>
          <gpxtpx:TrackPointExtension>
            <gpxtpx:hr>150</gpxtpx:hr>
          </gpxtpx:TrackPointExtension>
        </extensions>
      </trkpt>
      <trkpt lat="35.712080569937825" lon="139.66325053945184">
        <ele>45.79999923706055</ele>
        <time>2026-08-11T10:00:01Z</time>
        <extensions>
          <gpxtpx:TrackPointExtension>
            <gpxtpx:hr>150</gpxtpx:hr>
          </gpxtpx:TrackPointExtension>
        </extensions>
      </trkpt>
      <trkpt lat="35.71207252331078" lon="139.6632802952081">
        <ele>45.79999923706055</ele>
        <time>2026-08-11T10:00:02Z</time>
        <extensions>
          <gpxtpx:TrackPointExtension>
            <gpxtpx:hr>150</gpxtpx:hr>
          </gpxtpx:TrackPointExtension>
        </extensions>
      </trkpt>
      <trkpt lat="35.71206514723599" lon="139.66331214644015">
        <ele>46</ele>
        <time>2026-08-11T10:00:03Z</time>
        <extensions>
          <gpxtpx:TrackPointExtension>
            <gpxtpx:hr>150</gpxtpx:hr>
          </gpxtpx:TrackPointExtension>
        </extensions>
      </trkpt>
      <trkpt lat="35.71205835789442" lon="139.66334248892963">
        <ele>46</ele>
        <time>2026-08-11T10:00:04Z</time>
        <extensions>
          <gpxtpx:TrackPointExtension>
            <gpxtpx:hr>150</gpxtpx:hr>
          </gpxtpx:TrackPointExtension>
        </extensions>
      </trkpt>
      <trkpt lat="35.71204964071512" lon="139.6633730828762">
        <ele>45.79999923706055</ele>
        <time>2026-08-11T10:00:05Z</time>
        <extensions>
          <gpxtpx:TrackPointExtension>
            <gpxtpx:hr>150</gpxtpx:hr>
          </gpxtpx:TrackPointExtension>
        </extensions>
      </trkpt>
      <trkpt lat="35.71204025298357" lon="139.66340233571827">
        <ele>45.79999923706055</ele>
        <time>2026-08-11T10:00:06Z</time>
        <extensions>
          <gpxtpx:TrackPointExtension>
            <gpxtpx:hr>150</gpxtpx:hr>
          </gpxtpx:TrackPointExtension>
        </extensions>
      </trkpt>
      <trkpt lat="35.71202952414751" lon="139.66343603096902">
        <ele>45.79999923706055</ele>
        <time>2026-08-11T10:00:07Z</time>
        <extensions>
          <gpxtpx:TrackPointExtension>
            <gpxtpx:hr>150</gpxtpx:hr>
          </gpxtpx:TrackPointExtension>
        </extensions>
      </trkpt>
      <trkpt lat="35.71201980113983" lon="139.6634652838111">
        <ele>45.599998474121094</ele>
        <time>2026-08-11T10:00:08Z</time>
        <extensions>
          <gpxtpx:TrackPointExtension>
            <gpxtpx:hr>150</gpxtpx:hr>
          </gpxtpx:TrackPointExtension>
        </extensions>
      </trkpt>
      <trkpt lat="35.712010161951184" lon="139.66349495574832">
        <ele>45.599998474121094</ele>
        <time>2026-08-11T10:00:09Z</time>
        <extensions>
          <gpxtpx:TrackPointExtension>
            <gpxtpx:hr>150</gpxtpx:hr>
          </gpxtpx:TrackPointExtension>
        </extensions>
      </trkpt>
      <trkpt lat="35.71200052276254" lon="139.66352680698037">
        <ele>45.400001525878906</ele>
        <time>2026-08-11T10:00:10Z</time>
        <extensions>
          <gpxtpx:TrackPointExtension>
            <gpxtpx:hr>151</gpxtpx:hr>
          </gpxtpx:TrackPointExtension>
        </extensions>
      </trkpt>
      <trkpt lat="35.711991637945175" lon="139.6635559760034">
        <ele>45.400001525878906</ele>
        <time>2026-08-11T10:00:11Z</time>
        <extensions>
          <gpxtpx:TrackPointExtension>
            <gpxtpx:hr>150</gpxtpx:hr>
          </gpxtpx:TrackPointExtension>
        </extensions>
      </trkpt>
      <trkpt lat="35.711981914937496" lon="139.6635863184929">
        <ele>45.400001525878906</ele>
        <time>2026-08-11T10:00:12Z</time>
        <extensions>
          <gpxtpx:TrackPointExtension>
            <gpxtpx:hr>150</gpxtpx:hr>
          </gpxtpx:TrackPointExtension>
        </extensions>
      </trkpt>
      <trkpt lat="35.71197219192982" lon="139.6636146493256">
        <ele>45.400001525878906</ele>
        <time>2026-08-11T10:00:13Z</time>
        <extensions>
          <gpxtpx:TrackPointExtension>
            <gpxtpx:hr>151</gpxtpx:hr>
          </gpxtpx:TrackPointExtension>
        </extensions>
      </trkpt>
      <trkpt lat="35.711961295455694" lon="139.66364306397736">
        <ele>45.400001525878906</ele>
        <time>2026-08-11T10:00:14Z</time>
        <extensions>
          <gpxtpx:TrackPointExtension>
            <gpxtpx:hr>151</gpxtpx:hr>
          </gpxtpx:TrackPointExtension>
        </extensions>
      </trkpt>
      <trkpt lat="35.71195081807673" lon="139.66367156244814">
        <ele>45.20000076293945</ele>
        <time>2026-08-11T10:00:15Z</time>
        <extensions>
          <gpxtpx:TrackPointExtension>
            <gpxtpx:hr>151</gpxtpx:hr>
          </gpxtpx:TrackPointExtension>
        </extensions>
      </trkpt>
      <trkpt lat="35.711940759792924" lon="139.66369930654764">
        <ele>45.20000076293945</ele>
        <time>2026-08-11T10:00:16Z</time>
        <extensions>
          <gpxtpx:TrackPointExtension>
            <gpxtpx:hr>150</gpxtpx:hr>
          </gpxtpx:TrackPointExtension>
        </extensions>
      </trkpt>
      <trkpt lat="35.71192843839526" lon="139.6637290623039">
        <ele>45.20000076293945</ele>
        <time>2026-08-11T10:00:17Z</time>
        <extensions>
          <gpxtpx:TrackPointExtension>
            <gpxtpx:hr>151</gpxtpx:hr>
          </gpxtpx:TrackPointExtension>
        </extensions>
      </trkpt>
      <trkpt lat="35.711917374283075" lon="139.663755716756">
        <ele>45.20000076293945</ele>
        <time>2026-08-11T10:00:18Z</time>
        <extensions>
          <gpxtpx:TrackPointExtension>
            <gpxtpx:hr>151</gpxtpx:hr>
          </gpxtpx:TrackPointExtension>
        </extensions>
      </trkpt>
      <trkpt lat="35.71190639398992" lon="139.66377918608487">
        <ele>45.400001525878906</ele>
        <time>2026-08-11T10:00:19Z</time>
        <extensions>
          <gpxtpx:TrackPointExtension>
            <gpxtpx:hr>151</gpxtpx:hr>
          </gpxtpx:TrackPointExtension>
        </extensions>
      </trkpt>
      <trkpt lat="35.7118952460587" lon="139.66380248777568">
        <ele>45.599998474121094</ele>
        <time>2026-08-11T10:00:20Z</time>
        <extensions>
          <gpxtpx:TrackPointExtension>
            <gpxtpx:hr>151</gpxtpx:hr>
          </gpxtpx:TrackPointExtension>
        </extensions>
      </trkpt>
      <trkpt lat="35.7118833437562" lon="139.66382679529488">
        <ele>45.599998474121094</ele>
        <time>2026-08-11T10:00:21Z</time>
        <extensions>
          <gpxtpx:TrackPointExtension>
            <gpxtpx:hr>152</gpxtpx:hr>
          </gpxtpx:TrackPointExtension>
        </extensions>
      </trkpt>
      <trkpt lat="35.71187152527273" lon="139.66385252773762">
        <ele>45.599998474121094</ele>
        <time>2026-08-11T10:00:22Z</time>
        <extensions>
          <gpxtpx:TrackPointExtension>
            <gpxtpx:hr>152</gpxtpx:hr>
          </gpxtpx:TrackPointExtension>
        </extensions>
      </trkpt>
      <trkpt lat="35.711857778951526" lon="139.66388161294162">
        <ele>45.599998474121094</ele>
        <time>2026-08-11T10:00:23Z</time>
        <extensions>
          <gpxtpx:TrackPointExtension>
            <gpxtpx:hr>152</gpxtpx:hr>
          </gpxtpx:TrackPointExtension>
        </extensions>
      </trkpt>
      <trkpt lat="35.71184470318258" lon="139.66390960849822">
        <ele>45.599998474121094</ele>
        <time>2026-08-11T10:00:24Z</time>
        <extensions>
          <gpxtpx:TrackPointExtension>
            <gpxtpx:hr>152</gpxtpx:hr>
          </gpxtpx:TrackPointExtension>
        </extensions>
      </trkpt>
      <trkpt lat="35.711831292137504" lon="139.66393684968352">
        <ele>45.599998474121094</ele>
        <time>2026-08-11T10:00:25Z</time>
        <extensions>
          <gpxtpx:TrackPointExtension>
            <gpxtpx:hr>151</gpxtpx:hr>
          </gpxtpx:TrackPointExtension>
        </extensions>
      </trkpt>
      <trkpt lat="35.711817629635334" lon="139.6639650966972">
        <ele>45.400001525878906</ele>
        <time>2026-08-11T10:00:26Z</time>
        <extensions>
          <gpxtpx:TrackPointExtension>
            <gpxtpx:hr>151</gpxtpx:hr>
          </gpxtpx:TrackPointExtension>
        </extensions>
      </trkpt>
      <trkpt lat="35.71180480532348" lon="139.66399217024446">
        <ele>45.400001525878906</ele>
        <time>2026-08-11T10:00:27Z</time>
        <extensions>
          <gpxtpx:TrackPointExtension>
            <gpxtpx:hr>152</gpxtpx:hr>
          </gpxtpx:TrackPointExtension>
        </extensions>
      </trkpt>
      <trkpt lat="35.711791729554534" lon="139.66401882469654">
        <ele>45.400001525878906</ele>
        <time>2026-08-11T10:00:28Z</time>
        <extensions>
          <gpxtpx:TrackPointExtension>
            <gpxtpx:hr>152</gpxtpx:hr>
          </gpxtpx:TrackPointExtension>
        </extensions>
      </trkpt>
      <trkpt lat="35.71177898906171" lon="139.66404413804412">
        <ele>45.400001525878906</ele>
        <time>2026-08-11T10:00:29Z</time>
        <extensions>
          <gpxtpx:TrackPointExtension>
            <gpxtpx:hr>152</gpxtpx:hr>
          </gpxtpx:TrackPointExtension>
        </extensions>
      </trkpt>
      <trkpt lat="35.71176473982632" lon="139.66407087631524">
        <ele>45.400001525878906</ele>
        <time>2026-08-11T10:00:30Z</time>
        <extensions>
          <gpxtpx:TrackPointExtension>
            <gpxtpx:hr>152</gpxtpx:hr>
          </gpxtpx:TrackPointExtension>
        </extensions>
      </trkpt>
      <trkpt lat="35.71175049059093" lon="139.6640964411199">
        <ele>45.599998474121094</ele>
        <time>2026-08-11T10:00:31Z</time>
        <extensions>
          <gpxtpx:TrackPointExtension>
            <gpxtpx:hr>152</gpxtpx:hr>
          </gpxtpx:TrackPointExtension>
        </extensions>
      </trkpt>
      <trkpt lat="35.711737582460046" lon="139.6641228441149">
        <ele>45.599998474121094</ele>
        <time>2026-08-11T10:00:32Z</time>
        <extensions>
          <gpxtpx:TrackPointExtension>
            <gpxtpx:hr>152</gpxtpx:hr>
          </gpxtpx:TrackPointExtension>
        </extensions>
      </trkpt>
      <trkpt lat="35.711724841967225" lon="139.66414941474795">
        <ele>45.599998474121094</ele>
        <time>2026-08-11T10:00:33Z</time>
        <extensions>
          <gpxtpx:TrackPointExtension>
            <gpxtpx:hr>151</gpxtpx:hr>
          </gpxtpx:TrackPointExtension>
        </extensions>
      </trkpt>
      <trkpt lat="35.71171201765537" lon="139.66417615301907">
        <ele>45.599998474121094</ele>
        <time>2026-08-11T10:00:34Z</time>
        <extensions>
          <gpxtpx:TrackPointExtension>
            <gpxtpx:hr>152</gpxtpx:hr>
          </gpxtpx:TrackPointExtension>
        </extensions>
      </trkpt>
      <trkpt lat="35.711697936058044" lon="139.6642028912902">
        <ele>45.599998474121094</ele>
        <time>2026-08-11T10:00:35Z</time>
        <extensions>
          <gpxtpx:TrackPointExtension>
            <gpxtpx:hr>152</gpxtpx:hr>
          </gpxtpx:TrackPointExtension>
        </extensions>
      </trkpt>
      <trkpt lat="35.71168536320329" lon="139.66423030011356">
        <ele>45.599998474121094</ele>
        <time>2026-08-11T10:00:36Z</time>
        <extensions>
          <gpxtpx:TrackPointExtension>
            <gpxtpx:hr>152</gpxtpx:hr>
          </gpxtpx:TrackPointExtension>
        </extensions>
      </trkpt>
      <trkpt lat="35.711672622710466" lon="139.66425846330822">
        <ele>45.79999923706055</ele>
        <time>2026-08-11T10:00:37Z</time>
        <extensions>
          <gpxtpx:TrackPointExtension>
            <gpxtpx:hr>151</gpxtpx:hr>
          </gpxtpx:TrackPointExtension>
        </extensions>
      </trkpt>
      <trkpt lat="35.711660804226995" lon="139.66428553685546">
        <ele>45.79999923706055</ele>
        <time>2026-08-11T10:00:38Z</time>
        <extensions>
          <gpxtpx:TrackPointExtension>
            <gpxtpx:hr>151</gpxtpx:hr>
          </gpxtpx:TrackPointExtension>
        </extensions>
      </trkpt>
      <trkpt lat="35.711649656295776" lon="139.6643126104027">
        <ele>45.79999923706055</ele>
        <time>2026-08-11T10:00:39Z</time>
        <extensions>
          <gpxtpx:TrackPointExtension>
            <gpxtpx:hr>150</gpxtpx:hr>
          </gpxtpx:TrackPointExtension>
        </extensions>
      </trkpt>
      <trkpt lat="35.71163842454553" lon="139.66434027068317">
        <ele>45.79999923706055</ele>
        <time>2026-08-11T10:00:40Z</time>
        <extensions>
          <gpxtpx:TrackPointExtension>
            <gpxtpx:hr>150</gpxtpx:hr>
          </gpxtpx:TrackPointExtension>
        </extensions>
      </trkpt>
      <trkpt lat="35.71162635460496" lon="139.66436985880136">
        <ele>45.79999923706055</ele>
        <time>2026-08-11T10:00:41Z</time>
        <extensions>
          <gpxtpx:TrackPointExtension>
            <gpxtpx:hr>150</gpxtpx:hr>
          </gpxtpx:TrackPointExtension>
        </extensions>
      </trkpt>
      <trkpt lat="35.711612440645695" lon="139.66439919546247">
        <ele>45.79999923706055</ele>
        <time>2026-08-11T10:00:42Z</time>
        <extensions>
          <gpxtpx:TrackPointExtension>
            <gpxtpx:hr>150</gpxtpx:hr>
          </gpxtpx:TrackPointExtension>
        </extensions>
      </trkpt>
      <trkpt lat="35.71159953251481" lon="139.66442576609552">
        <ele>45.79999923706055</ele>
        <time>2026-08-11T10:00:43Z</time>
        <extensions>
          <gpxtpx:TrackPointExtension>
            <gpxtpx:hr>151</gpxtpx:hr>
          </gpxtpx:TrackPointExtension>
        </extensions>
      </trkpt>
      <trkpt lat="35.71158670820296" lon="139.6644537616521">
        <ele>45.599998474121094</ele>
        <time>2026-08-11T10:00:44Z</time>
        <extensions>
          <gpxtpx:TrackPointExtension>
            <gpxtpx:hr>150</gpxtpx:hr>
          </gpxtpx:TrackPointExtension>
        </extensions>
      </trkpt>
      <trkpt lat="35.71157279424369" lon="139.6644809190184">
        <ele>45.599998474121094</ele>
        <time>2026-08-11T10:00:45Z</time>
        <extensions>
          <gpxtpx:TrackPointExtension>
            <gpxtpx:hr>151</gpxtpx:hr>
          </gpxtpx:TrackPointExtension>
        </extensions>
      </trkpt>
      <trkpt lat="35.71155804209411" lon="139.6645079087466">
        <ele>45.599998474121094</ele>
        <time>2026-08-11T10:00:46Z</time>
        <extensions>
          <gpxtpx:TrackPointExtension>
            <gpxtpx:hr>151</gpxtpx:hr>
          </gpxtpx:TrackPointExtension>
        </extensions>
      </trkpt>
      <trkpt lat="35.711540691554546" lon="139.66453464701772">
        <ele>45.599998474121094</ele>
        <time>2026-08-11T10:00:47Z</time>
        <extensions>
          <gpxtpx:TrackPointExtension>
            <gpxtpx:hr>151</gpxtpx:hr>
          </gpxtpx:TrackPointExtension>
        </extensions>
      </trkpt>
      <trkpt lat="35.711523005738854" lon="139.66456113383174">
        <ele>45.599998474121094</ele>
        <time>2026-08-11T10:00:48Z</time>
        <extensions>
          <gpxtpx:TrackPointExtension>
            <gpxtpx:hr>152</gpxtpx:hr>
          </gpxtpx:TrackPointExtension>
        </extensions>
      </trkpt>
      <trkpt lat="35.711504481732845" lon="139.66458921320736">
        <ele>45.599998474121094</ele>
        <time>2026-08-11T10:00:49Z</time>
        <extensions>
          <gpxtpx:TrackPointExtension>
            <gpxtpx:hr>152</gpxtpx:hr>
          </gpxtpx:TrackPointExtension>
        </extensions>
      </trkpt>
      <trkpt lat="35.71148755028844" lon="139.66461754404008">
        <ele>45.599998474121094</ele>
        <time>2026-08-11T10:00:50Z</time>
        <extensions>
          <gpxtpx:TrackPointExtension>
            <gpxtpx:hr>152</gpxtpx:hr>
          </gpxtpx:TrackPointExtension>
        </extensions>
      </trkpt>
      <trkpt lat="35.711472714319825" lon="139.66464604251087">
        <ele>45.599998474121094</ele>
        <time>2026-08-11T10:00:51Z</time>
        <extensions>
          <gpxtpx:TrackPointExtension>
            <gpxtpx:hr>152</gpxtpx:hr>
          </gpxtpx:TrackPointExtension>
        </extensions>
      </trkpt>
      <trkpt lat="35.71146156638861" lon="139.66467428952456">
        <ele>45.599998474121094</ele>
        <time>2026-08-11T10:00:52Z</time>
        <extensions>
          <gpxtpx:TrackPointExtension>
            <gpxtpx:hr>152</gpxtpx:hr>
          </gpxtpx:TrackPointExtension>
        </extensions>
      </trkpt>
      <trkpt lat="35.71144941262901" lon="139.66469993814826">
        <ele>45.599998474121094</ele>
        <time>2026-08-11T10:00:53Z</time>
        <extensions>
          <gpxtpx:TrackPointExtension>
            <gpxtpx:hr>152</gpxtpx:hr>
          </gpxtpx:TrackPointExtension>
        </extensions>
      </trkpt>
      <trkpt lat="35.711436504498124" lon="139.66472458094358">
        <ele>45.599998474121094</ele>
        <time>2026-08-11T10:00:54Z</time>
        <extensions>
          <gpxtpx:TrackPointExtension>
            <gpxtpx:hr>152</gpxtpx:hr>
          </gpxtpx:TrackPointExtension>
        </extensions>
      </trkpt>
      <trkpt lat="35.7114240154624" lon="139.66474805027246">
        <ele>45.599998474121094</ele>
        <time>2026-08-11T10:00:55Z</time>
        <extensions>
          <gpxtpx:TrackPointExtension>
            <gpxtpx:hr>152</gpxtpx:hr>
          </gpxtpx:TrackPointExtension>
        </extensions>
      </trkpt>
      <trkpt lat="35.71141194552183" lon="139.66477001085877">
        <ele>45.599998474121094</ele>
        <time>2026-08-11T10:00:56Z</time>
        <extensions>
          <gpxtpx:TrackPointExtension>
            <gpxtpx:hr>152</gpxtpx:hr>
          </gpxtpx:TrackPointExtension>
        </extensions>
      </trkpt>
      <trkpt lat="35.71140004321933" lon="139.66479348018765">
        <ele>45.599998474121094</ele>
        <time>2026-08-11T10:00:57Z</time>
        <extensions>
          <gpxtpx:TrackPointExtension>
            <gpxtpx:hr>152</gpxtpx:hr>
          </gpxtpx:TrackPointExtension>
        </extensions>
      </trkpt>
      <trkpt lat="35.71138788945973" lon="139.6648176200688">
        <ele>45.599998474121094</ele>
        <time>2026-08-11T10:00:58Z</time>
        <extensions>
          <gpxtpx:TrackPointExtension>
            <gpxtpx:hr>152</gpxtpx:hr>
          </gpxtpx:TrackPointExtension>
        </extensions>
      </trkpt>
      <trkpt lat="35.711375400424004" lon="139.66484419070184">
        <ele>45.599998474121094</ele>
        <time>2026-08-11T10:00:59Z</time>
        <extensions>
          <gpxtpx:TrackPointExtension>
            <gpxtpx:hr>152</gpxtpx:hr>
          </gpxtpx:TrackPointExtension>
        </extensions>
      </trkpt>
      <trkpt lat="35.71136198937893" lon="139.6648702584207">
        <ele>45.599998474121094</ele>
        <time>2026-08-11T10:01:00Z</time>
        <extensions>
          <gpxtpx:TrackPointExtension>
            <gpxtpx:hr>152</gpxtpx:hr>
          </gpxtpx:TrackPointExtension>
        </extensions>
      </trkpt>
      <trkpt lat="35.711348159238696" lon="139.66489909216762">
        <ele>45.599998474121094</ele>
        <time>2026-08-11T10:01:01Z</time>
        <extensions>
          <gpxtpx:TrackPointExtension>
            <gpxtpx:hr>152</gpxtpx:hr>
          </gpxtpx:TrackPointExtension>
        </extensions>
      </trkpt>
      <trkpt lat="35.7113325688988" lon="139.66492666862905">
        <ele>45.599998474121094</ele>
        <time>2026-08-11T10:01:02Z</time>
        <extensions>
          <gpxtpx:TrackPointExtension>
            <gpxtpx:hr>152</gpxtpx:hr>
          </gpxtpx:TrackPointExtension>
        </extensions>
      </trkpt>
      <trkpt lat="35.711319325491786" lon="139.66495449654758">
        <ele>45.599998474121094</ele>
        <time>2026-08-11T10:01:03Z</time>
        <extensions>
          <gpxtpx:TrackPointExtension>
            <gpxtpx:hr>152</gpxtpx:hr>
          </gpxtpx:TrackPointExtension>
        </extensions>
      </trkpt>
      <trkpt lat="35.71130541153252" lon="139.66498039662838">
        <ele>45.599998474121094</ele>
        <time>2026-08-11T10:01:04Z</time>
        <extensions>
          <gpxtpx:TrackPointExtension>
            <gpxtpx:hr>152</gpxtpx:hr>
          </gpxtpx:TrackPointExtension>
        </extensions>
      </trkpt>
      <trkpt lat="35.7112926710397" lon="139.66500705108047">
        <ele>45.599998474121094</ele>
        <time>2026-08-11T10:01:05Z</time>
        <extensions>
          <gpxtpx:TrackPointExtension>
            <gpxtpx:hr>152</gpxtpx:hr>
          </gpxtpx:TrackPointExtension>
        </extensions>
      </trkpt>
      <trkpt lat="35.7112823612988" lon="139.66503337025642">
        <ele>45.599998474121094</ele>
        <time>2026-08-11T10:01:06Z</time>
        <extensions>
          <gpxtpx:TrackPointExtension>
            <gpxtpx:hr>152</gpxtpx:hr>
          </gpxtpx:TrackPointExtension>
        </extensions>
      </trkpt>
      <trkpt lat="35.71126978844404" lon="139.66505767777562">
        <ele>45.599998474121094</ele>
        <time>2026-08-11T10:01:07Z</time>
        <extensions>
          <gpxtpx:TrackPointExtension>
            <gpxtpx:hr>152</gpxtpx:hr>
          </gpxtpx:TrackPointExtension>
        </extensions>
      </trkpt>
      <trkpt lat="35.71125897578895" lon="139.6650869306177">
        <ele>45.599998474121094</ele>
        <time>2026-08-11T10:01:08Z</time>
        <extensions>
          <gpxtpx:TrackPointExtension>
            <gpxtpx:hr>152</gpxtpx:hr>
          </gpxtpx:TrackPointExtension>
        </extensions>
      </trkpt>
      <trkpt lat="35.71124564856291" lon="139.66511677019298">
        <ele>45.400001525878906</ele>
        <time>2026-08-11T10:01:09Z</time>
        <extensions>
          <gpxtpx:TrackPointExtension>
            <gpxtpx:hr>151</gpxtpx:hr>
          </gpxtpx:TrackPointExtension>
        </extensions>
      </trkpt>
      <trkpt lat="35.71123265661299" lon="139.6651445981115">
        <ele>45.400001525878906</ele>
        <time>2026-08-11T10:01:10Z</time>
        <extensions>
          <gpxtpx:TrackPointExtension>
            <gpxtpx:hr>151</gpxtpx:hr>
          </gpxtpx:TrackPointExtension>
        </extensions>
      </trkpt>
      <trkpt lat="35.711219580844045" lon="139.66517142020166">
        <ele>45.599998474121094</ele>
        <time>2026-08-11T10:01:11Z</time>
        <extensions>
          <gpxtpx:TrackPointExtension>
            <gpxtpx:hr>151</gpxtpx:hr>
          </gpxtpx:TrackPointExtension>
        </extensions>
      </trkpt>
      <trkpt lat="35.711203906685114" lon="139.6651955600828">
        <ele>45.599998474121094</ele>
        <time>2026-08-11T10:01:12Z</time>
        <extensions>
          <gpxtpx:TrackPointExtension>
            <gpxtpx:hr>150</gpxtpx:hr>
          </gpxtpx:TrackPointExtension>
        </extensions>
      </trkpt>
      <trkpt lat="35.71118663996458" lon="139.66522003524005">
        <ele>45.599998474121094</ele>
        <time>2026-08-11T10:01:13Z</time>
        <extensions>
          <gpxtpx:TrackPointExtension>
            <gpxtpx:hr>150</gpxtpx:hr>
          </gpxtpx:TrackPointExtension>
        </extensions>
      </trkpt>
      <trkpt lat="35.71116509847343" lon="139.6652450133115">
        <ele>45.79999923706055</ele>
        <time>2026-08-11T10:01:14Z</time>
        <extensions>
          <gpxtpx:TrackPointExtension>
            <gpxtpx:hr>150</gpxtpx:hr>
          </gpxtpx:TrackPointExtension>
        </extensions>
      </trkpt>
      <trkpt lat="35.71114313788712" lon="139.66526596806943">
        <ele>45.79999923706055</ele>
        <time>2026-08-11T10:01:15Z</time>
        <extensions>
          <gpxtpx:TrackPointExtension>
            <gpxtpx:hr>150</gpxtpx:hr>
          </gpxtpx:TrackPointExtension>
        </extensions>
      </trkpt>
      <trkpt lat="35.71111924946308" lon="139.66528499498963">
        <ele>46</ele>
        <time>2026-08-11T10:01:16Z</time>
        <extensions>
          <gpxtpx:TrackPointExtension>
            <gpxtpx:hr>150</gpxtpx:hr>
          </gpxtpx:TrackPointExtension>
        </extensions>
      </trkpt>
      <trkpt lat="35.7110941875726" lon="139.6653010044247">
        <ele>46</ele>
        <time>2026-08-11T10:01:17Z</time>
        <extensions>
          <gpxtpx:TrackPointExtension>
            <gpxtpx:hr>150</gpxtpx:hr>
          </gpxtpx:TrackPointExtension>
        </extensions>
      </trkpt>
      <trkpt lat="35.71106786839664" lon="139.66531483456492">
        <ele>46.20000076293945</ele>
        <time>2026-08-11T10:01:18Z</time>
        <extensions>
          <gpxtpx:TrackPointExtension>
            <gpxtpx:hr>150</gpxtpx:hr>
          </gpxtpx:TrackPointExtension>
        </extensions>
      </trkpt>
      <trkpt lat="35.711041213944554" lon="139.66532154008746">
        <ele>46.20000076293945</ele>
        <time>2026-08-11T10:01:19Z</time>
        <extensions>
          <gpxtpx:TrackPointExtension>
            <gpxtpx:hr>150</gpxtpx:hr>
          </gpxtpx:TrackPointExtension>
        </extensions>
      </trkpt>
      <trkpt lat="35.71101640351117" lon="139.66532036662102">
        <ele>46.20000076293945</ele>
        <time>2026-08-11T10:01:20Z</time>
        <extensions>
          <gpxtpx:TrackPointExtension>
            <gpxtpx:hr>150</gpxtpx:hr>
          </gpxtpx:TrackPointExtension>
        </extensions>
      </trkpt>
      <trkpt lat="35.71099452674389" lon="139.66531575657427">
        <ele>46.20000076293945</ele>
        <time>2026-08-11T10:01:21Z</time>
        <extensions>
          <gpxtpx:TrackPointExtension>
            <gpxtpx:hr>150</gpxtpx:hr>
          </gpxtpx:TrackPointExtension>
        </extensions>
      </trkpt>
      <trkpt lat="35.71097114123404" lon="139.66530963778496">
        <ele>46.20000076293945</ele>
        <time>2026-08-11T10:01:22Z</time>
        <extensions>
          <gpxtpx:TrackPointExtension>
            <gpxtpx:hr>150</gpxtpx:hr>
          </gpxtpx:TrackPointExtension>
        </extensions>
      </trkpt>
      <trkpt lat="35.71094976738095" lon="139.66530335135758">
        <ele>46.20000076293945</ele>
        <time>2026-08-11T10:01:23Z</time>
        <extensions>
          <gpxtpx:TrackPointExtension>
            <gpxtpx:hr>150</gpxtpx:hr>
          </gpxtpx:TrackPointExtension>
        </extensions>
      </trkpt>
      <trkpt lat="35.71092780679464" lon="139.66529647819698">
        <ele>46.20000076293945</ele>
        <time>2026-08-11T10:01:24Z</time>
        <extensions>
          <gpxtpx:TrackPointExtension>
            <gpxtpx:hr>150</gpxtpx:hr>
          </gpxtpx:TrackPointExtension>
        </extensions>
      </trkpt>
      <trkpt lat="35.710901990532875" lon="139.66528818011284">
        <ele>46.20000076293945</ele>
        <time>2026-08-11T10:01:25Z</time>
        <extensions>
          <gpxtpx:TrackPointExtension>
            <gpxtpx:hr>150</gpxtpx:hr>
          </gpxtpx:TrackPointExtension>
        </extensions>
      </trkpt>
      <trkpt lat="35.7108766771853" lon="139.6652809716761">
        <ele>46.20000076293945</ele>
        <time>2026-08-11T10:01:26Z</time>
        <extensions>
          <gpxtpx:TrackPointExtension>
            <gpxtpx:hr>150</gpxtpx:hr>
          </gpxtpx:TrackPointExtension>
        </extensions>
      </trkpt>
      <trkpt lat="35.71085153147578" lon="139.66527175158262">
        <ele>46.20000076293945</ele>
        <time>2026-08-11T10:01:27Z</time>
        <extensions>
          <gpxtpx:TrackPointExtension>
            <gpxtpx:hr>150</gpxtpx:hr>
          </gpxtpx:TrackPointExtension>
        </extensions>
      </trkpt>
      <trkpt lat="35.7108248770237" lon="139.66526160947978">
        <ele>46.20000076293945</ele>
        <time>2026-08-11T10:01:28Z</time>
        <extensions>
          <gpxtpx:TrackPointExtension>
            <gpxtpx:hr>150</gpxtpx:hr>
          </gpxtpx:TrackPointExtension>
        </extensions>
      </trkpt>
      <trkpt lat="35.71079880930483" lon="139.6652505453676">
        <ele>46.20000076293945</ele>
        <time>2026-08-11T10:01:29Z</time>
        <extensions>
          <gpxtpx:TrackPointExtension>
            <gpxtpx:hr>150</gpxtpx:hr>
          </gpxtpx:TrackPointExtension>
        </extensions>
      </trkpt>
      <trkpt lat="35.71077609434724" lon="139.66523956507444">
        <ele>46.20000076293945</ele>
        <time>2026-08-11T10:01:30Z</time>
        <extensions>
          <gpxtpx:TrackPointExtension>
            <gpxtpx:hr>151</gpxtpx:hr>
          </gpxtpx:TrackPointExtension>
        </extensions>
      </trkpt>
      <trkpt lat="35.71074985899031" lon="139.66522984206676">
        <ele>46.20000076293945</ele>
        <time>2026-08-11T10:01:31Z</time>
        <extensions>
          <gpxtpx:TrackPointExtension>
            <gpxtpx:hr>150</gpxtpx:hr>
          </gpxtpx:TrackPointExtension>
        </extensions>
      </trkpt>
      <trkpt lat="35.710729490965605" lon="139.66522204689682">
        <ele>46.400001525878906</ele>
        <time>2026-08-11T10:01:32Z</time>
        <extensions>
          <gpxtpx:TrackPointExtension>
            <gpxtpx:hr>151</gpxtpx:hr>
          </gpxtpx:TrackPointExtension>
        </extensions>
      </trkpt>
      <trkpt lat="35.710705099627376" lon="139.66521710157394">
        <ele>46.400001525878906</ele>
        <time>2026-08-11T10:01:33Z</time>
        <extensions>
          <gpxtpx:TrackPointExtension>
            <gpxtpx:hr>151</gpxtpx:hr>
          </gpxtpx:TrackPointExtension>
        </extensions>
      </trkpt>
      <trkpt lat="35.71068003773689" lon="139.66521416790783">
        <ele>46.400001525878906</ele>
        <time>2026-08-11T10:01:34Z</time>
        <extensions>
          <gpxtpx:TrackPointExtension>
            <gpxtpx:hr>152</gpxtpx:hr>
          </gpxtpx:TrackPointExtension>
        </extensions>
      </trkpt>
      <trkpt lat="35.71065531112254" lon="139.66521056368947">
        <ele>46.400001525878906</ele>
        <time>2026-08-11T10:01:35Z</time>
        <extensions>
          <gpxtpx:TrackPointExtension>
            <gpxtpx:hr>152</gpxtpx:hr>
          </gpxtpx:TrackPointExtension>
        </extensions>
      </trkpt>
      <trkpt lat="35.71063209325075" lon="139.66520478017628">
        <ele>46.400001525878906</ele>
        <time>2026-08-11T10:01:36Z</time>
        <extensions>
          <gpxtpx:TrackPointExtension>
            <gpxtpx:hr>152</gpxtpx:hr>
          </gpxtpx:TrackPointExtension>
        </extensions>
      </trkpt>
      <trkpt lat="35.71060996502638" lon="139.66519681736827">
        <ele>46.400001525878906</ele>
        <time>2026-08-11T10:01:37Z</time>
        <extensions>
          <gpxtpx:TrackPointExtension>
            <gpxtpx:hr>152</gpxtpx:hr>
          </gpxtpx:TrackPointExtension>
        </extensions>
      </trkpt>
      <trkpt lat="35.71058708243072" lon="139.66519170440733">
        <ele>46.20000076293945</ele>
        <time>2026-08-11T10:01:38Z</time>
        <extensions>
          <gpxtpx:TrackPointExtension>
            <gpxtpx:hr>152</gpxtpx:hr>
          </gpxtpx:TrackPointExtension>
        </extensions>
      </trkpt>
      <trkpt lat="35.71056118234992" lon="139.6651863399893">
        <ele>46.20000076293945</ele>
        <time>2026-08-11T10:01:39Z</time>
        <extensions>
          <gpxtpx:TrackPointExtension>
            <gpxtpx:hr>152</gpxtpx:hr>
          </gpxtpx:TrackPointExtension>
        </extensions>
      </trkpt>
      <trkpt lat="35.71053670719266" lon="139.66518055647612">
        <ele>46.20000076293945</ele>
        <time>2026-08-11T10:01:40Z</time>
        <extensions>
          <gpxtpx:TrackPointExtension>
            <gpxtpx:hr>152</gpxtpx:hr>
          </gpxtpx:TrackPointExtension>
        </extensions>
      </trkpt>
      <trkpt lat="35.71051122620702" lon="139.6651725936681">
        <ele>46</ele>
        <time>2026-08-11T10:01:41Z</time>
        <extensions>
          <gpxtpx:TrackPointExtension>
            <gpxtpx:hr>152</gpxtpx:hr>
          </gpxtpx:TrackPointExtension>
        </extensions>
      </trkpt>
      <trkpt lat="35.710485661402345" lon="139.66516337357461">
        <ele>46</ele>
        <time>2026-08-11T10:01:42Z</time>
        <extensions>
          <gpxtpx:TrackPointExtension>
            <gpxtpx:hr>152</gpxtpx:hr>
          </gpxtpx:TrackPointExtension>
        </extensions>
      </trkpt>
      <trkpt lat="35.71046110242605" lon="139.66515474021435">
        <ele>46</ele>
        <time>2026-08-11T10:01:43Z</time>
        <extensions>
          <gpxtpx:TrackPointExtension>
            <gpxtpx:hr>152</gpxtpx:hr>
          </gpxtpx:TrackPointExtension>
        </extensions>
      </trkpt>
      <trkpt lat="35.71043763309717" lon="139.66514753177762">
        <ele>46.20000076293945</ele>
        <time>2026-08-11T10:01:44Z</time>
        <extensions>
          <gpxtpx:TrackPointExtension>
            <gpxtpx:hr>152</gpxtpx:hr>
          </gpxtpx:TrackPointExtension>
        </extensions>
      </trkpt>
      <trkpt lat="35.71041257120669" lon="139.66514359228313">
        <ele>46.20000076293945</ele>
        <time>2026-08-11T10:01:45Z</time>
        <extensions>
          <gpxtpx:TrackPointExtension>
            <gpxtpx:hr>152</gpxtpx:hr>
          </gpxtpx:TrackPointExtension>
        </extensions>
      </trkpt>
      <trkpt lat="35.71038625203073" lon="139.66514023952186">
        <ele>46.20000076293945</ele>
        <time>2026-08-11T10:01:46Z</time>
        <extensions>
          <gpxtpx:TrackPointExtension>
            <gpxtpx:hr>152</gpxtpx:hr>
          </gpxtpx:TrackPointExtension>
        </extensions>
      </trkpt>
      <trkpt lat="35.710360519587994" lon="139.6651358809322">
        <ele>46.400001525878906</ele>
        <time>2026-08-11T10:01:47Z</time>
        <extensions>
          <gpxtpx:TrackPointExtension>
            <gpxtpx:hr>152</gpxtpx:hr>
          </gpxtpx:TrackPointExtension>
        </extensions>
      </trkpt>
      <trkpt lat="35.71033428423107" lon="139.66512867249548">
        <ele>46.599998474121094</ele>
        <time>2026-08-11T10:01:48Z</time>
        <extensions>
          <gpxtpx:TrackPointExtension>
            <gpxtpx:hr>152</gpxtpx:hr>
          </gpxtpx:TrackPointExtension>
        </extensions>
      </trkpt>
      <trkpt lat="35.710308803245425" lon="139.66511911712587">
        <ele>46.599998474121094</ele>
        <time>2026-08-11T10:01:49Z</time>
        <extensions>
          <gpxtpx:TrackPointExtension>
            <gpxtpx:hr>152</gpxtpx:hr>
          </gpxtpx:TrackPointExtension>
        </extensions>
      </trkpt>
      <trkpt lat="35.71028181351721" lon="139.66511031612754">
        <ele>46.79999923706055</ele>
        <time>2026-08-11T10:01:50Z</time>
        <extensions>
          <gpxtpx:TrackPointExtension>
            <gpxtpx:hr>153</gpxtpx:hr>
          </gpxtpx:TrackPointExtension>
        </extensions>
      </trkpt>
      <trkpt lat="35.71025465615094" lon="139.66509916819632">
        <ele>46.79999923706055</ele>
        <time>2026-08-11T10:01:51Z</time>
        <extensions>
          <gpxtpx:TrackPointExtension>
            <gpxtpx:hr>152</gpxtpx:hr>
          </gpxtpx:TrackPointExtension>
        </extensions>
      </trkpt>
      <trkpt lat="35.710227163508534" lon="139.66509028337896">
        <ele>46.79999923706055</ele>
        <time>2026-08-11T10:01:52Z</time>
        <extensions>
          <gpxtpx:TrackPointExtension>
            <gpxtpx:hr>152</gpxtpx:hr>
          </gpxtpx:TrackPointExtension>
        </extensions>
      </trkpt>
      <trkpt lat="35.71020285598934" lon="139.6650784648955">
        <ele>46.79999923706055</ele>
        <time>2026-08-11T10:01:53Z</time>
        <extensions>
          <gpxtpx:TrackPointExtension>
            <gpxtpx:hr>153</gpxtpx:hr>
          </gpxtpx:TrackPointExtension>
        </extensions>
      </trkpt>
      <trkpt lat="35.71018064394593" lon="139.66506614349782">
        <ele>46.79999923706055</ele>
        <time>2026-08-11T10:01:54Z</time>
        <extensions>
          <gpxtpx:TrackPointExtension>
            <gpxtpx:hr>153</gpxtpx:hr>
          </gpxtpx:TrackPointExtension>
        </extensions>
      </trkpt>
      <trkpt lat="35.71015750989318" lon="139.66505248099566">
        <ele>46.79999923706055</ele>
        <time>2026-08-11T10:01:55Z</time>
        <extensions>
          <gpxtpx:TrackPointExtension>
            <gpxtpx:hr>153</gpxtpx:hr>
          </gpxtpx:TrackPointExtension>
        </extensions>
      </trkpt>
      <trkpt lat="35.710137728601694" lon="139.66503999195993">
        <ele>46.599998474121094</ele>
        <time>2026-08-11T10:01:56Z</time>
        <extensions>
          <gpxtpx:TrackPointExtension>
            <gpxtpx:hr>153</gpxtpx:hr>
          </gpxtpx:TrackPointExtension>
        </extensions>
      </trkpt>
      <trkpt lat="35.710118701681495" lon="139.66502557508647">
        <ele>46.79999923706055</ele>
        <time>2026-08-11T10:01:57Z</time>
        <extensions>
          <gpxtpx:TrackPointExtension>
            <gpxtpx:hr>153</gpxtpx:hr>
          </gpxtpx:TrackPointExtension>
        </extensions>
      </trkpt>
      <trkpt lat="35.71009925566614" lon="139.66501174494624">
        <ele>46.599998474121094</ele>
        <time>2026-08-11T10:01:58Z</time>
        <extensions>
          <gpxtpx:TrackPointExtension>
            <gpxtpx:hr>153</gpxtpx:hr>
          </gpxtpx:TrackPointExtension>
        </extensions>
      </trkpt>
      <trkpt lat="35.710079642012715" lon="139.6649942267686">
        <ele>46.599998474121094</ele>
        <time>2026-08-11T10:01:59Z</time>
        <extensions>
          <gpxtpx:TrackPointExtension>
            <gpxtpx:hr>153</gpxtpx:hr>
          </gpxtpx:TrackPointExtension>
        </extensions>
      </trkpt>
      <trkpt lat="35.71005927398801" lon="139.66497746296227">
        <ele>46.79999923706055</ele>
        <time>2026-08-11T10:02:00Z</time>
        <extensions>
          <gpxtpx:TrackPointExtension>
            <gpxtpx:hr>153</gpxtpx:hr>
          </gpxtpx:TrackPointExtension>
        </extensions>
      </trkpt>
      <trkpt lat="35.71003630757332" lon="139.66495818458498">
        <ele>46.79999923706055</ele>
        <time>2026-08-11T10:02:01Z</time>
        <extensions>
          <gpxtpx:TrackPointExtension>
            <gpxtpx:hr>152</gpxtpx:hr>
          </gpxtpx:TrackPointExtension>
        </extensions>
      </trkpt>
      <trkpt lat="35.71001426316798" lon="139.6649420913309">
        <ele>47</ele>
        <time>2026-08-11T10:02:02Z</time>
        <extensions>
          <gpxtpx:TrackPointExtension>
            <gpxtpx:hr>152</gpxtpx:hr>
          </gpxtpx:TrackPointExtension>
        </extensions>
      </trkpt>
      <trkpt lat="35.70999129675329" lon="139.66492742300034">
        <ele>46.79999923706055</ele>
        <time>2026-08-11T10:02:03Z</time>
        <extensions>
          <gpxtpx:TrackPointExtension>
            <gpxtpx:hr>152</gpxtpx:hr>
          </gpxtpx:TrackPointExtension>
        </extensions>
      </trkpt>
      <trkpt lat="35.70996657013893" lon="139.6649120002985">
        <ele>46.79999923706055</ele>
        <time>2026-08-11T10:02:04Z</time>
        <extensions>
          <gpxtpx:TrackPointExtension>
            <gpxtpx:hr>152</gpxtpx:hr>
          </gpxtpx:TrackPointExtension>
        </extensions>
      </trkpt>
      <trkpt lat="35.709942849352956" lon="139.6649011876434">
        <ele>46.79999923706055</ele>
        <time>2026-08-11T10:02:05Z</time>
        <extensions>
          <gpxtpx:TrackPointExtension>
            <gpxtpx:hr>152</gpxtpx:hr>
          </gpxtpx:TrackPointExtension>
        </extensions>
      </trkpt>
      <trkpt lat="35.70991820655763" lon="139.66489179991186">
        <ele>46.599998474121094</ele>
        <time>2026-08-11T10:02:06Z</time>
        <extensions>
          <gpxtpx:TrackPointExtension>
            <gpxtpx:hr>153</gpxtpx:hr>
          </gpxtpx:TrackPointExtension>
        </extensions>
      </trkpt>
      <trkpt lat="35.709897838532925" lon="139.66488392092288">
        <ele>46.400001525878906</ele>
        <time>2026-08-11T10:02:07Z</time>
        <extensions>
          <gpxtpx:TrackPointExtension>
            <gpxtpx:hr>153</gpxtpx:hr>
          </gpxtpx:TrackPointExtension>
        </extensions>
      </trkpt>
      <trkpt lat="35.70987897925079" lon="139.66488383710384">
        <ele>46.599998474121094</ele>
        <time>2026-08-11T10:02:08Z</time>
        <extensions>
          <gpxtpx:TrackPointExtension>
            <gpxtpx:hr>154</gpxtpx:hr>
          </gpxtpx:TrackPointExtension>
        </extensions>
      </trkpt>
      <trkpt lat="35.70986154489219" lon="139.6648876927793">
        <ele>46.599998474121094</ele>
        <time>2026-08-11T10:02:09Z</time>
        <extensions>
          <gpxtpx:TrackPointExtension>
            <gpxtpx:hr>154</gpxtpx:hr>
          </gpxtpx:TrackPointExtension>
        </extensions>
      </trkpt>
      <trkpt lat="35.709841679781675" lon="139.6648953203112">
        <ele>46.79999923706055</ele>
        <time>2026-08-11T10:02:10Z</time>
        <extensions>
          <gpxtpx:TrackPointExtension>
            <gpxtpx:hr>155</gpxtpx:hr>
          </gpxtpx:TrackPointExtension>
        </extensions>
      </trkpt>
      <trkpt lat="35.70982106029987" lon="139.66490202583373">
        <ele>46.79999923706055</ele>
        <time>2026-08-11T10:02:11Z</time>
        <extensions>
          <gpxtpx:TrackPointExtension>
            <gpxtpx:hr>155</gpxtpx:hr>
          </gpxtpx:TrackPointExtension>
        </extensions>
      </trkpt>
      <trkpt lat="35.70979683659971" lon="139.66491132974625">
        <ele>46.79999923706055</ele>
        <time>2026-08-11T10:02:12Z</time>
        <extensions>
          <gpxtpx:TrackPointExtension>
            <gpxtpx:hr>155</gpxtpx:hr>
          </gpxtpx:TrackPointExtension>
        </extensions>
      </trkpt>
      <trkpt lat="35.70977194234729" lon="139.66491870582104">
        <ele>46.599998474121094</ele>
        <time>2026-08-11T10:02:13Z</time>
        <extensions>
          <gpxtpx:TrackPointExtension>
            <gpxtpx:hr>155</gpxtpx:hr>
          </gpxtpx:TrackPointExtension>
        </extensions>
      </trkpt>
      <trkpt lat="35.709747299551964" lon="139.66492507606745">
        <ele>46.599998474121094</ele>
        <time>2026-08-11T10:02:14Z</time>
        <extensions>
          <gpxtpx:TrackPointExtension>
            <gpxtpx:hr>155</gpxtpx:hr>
          </gpxtpx:TrackPointExtension>
        </extensions>
      </trkpt>
      <trkpt lat="35.709724919870496" lon="139.66492901556194">
        <ele>46.400001525878906</ele>
        <time>2026-08-11T10:02:15Z</time>
        <extensions>
          <gpxtpx:TrackPointExtension>
            <gpxtpx:hr>155</gpxtpx:hr>
          </gpxtpx:TrackPointExtension>
        </extensions>
      </trkpt>
      <trkpt lat="35.709702456369996" lon="139.66493111103773">
        <ele>46.400001525878906</ele>
        <time>2026-08-11T10:02:16Z</time>
        <extensions>
          <gpxtpx:TrackPointExtension>
            <gpxtpx:hr>156</gpxtpx:hr>
          </gpxtpx:TrackPointExtension>
        </extensions>
      </trkpt>
      <trkpt lat="35.709679489955306" lon="139.66493806801736">
        <ele>46.400001525878906</ele>
        <time>2026-08-11T10:02:17Z</time>
        <extensions>
          <gpxtpx:TrackPointExtension>
            <gpxtpx:hr>156</gpxtpx:hr>
          </gpxtpx:TrackPointExtension>
        </extensions>
      </trkpt>
      <trkpt lat="35.70965124294162" lon="139.66495038941503">
        <ele>46.599998474121094</ele>
        <time>2026-08-11T10:02:18Z</time>
        <extensions>
          <gpxtpx:TrackPointExtension>
            <gpxtpx:hr>156</gpxtpx:hr>
          </gpxtpx:TrackPointExtension>
        </extensions>
      </trkpt>
      <trkpt lat="35.709621235728264" lon="139.66496237553656">
        <ele>46.79999923706055</ele>
        <time>2026-08-11T10:02:19Z</time>
        <extensions>
          <gpxtpx:TrackPointExtension>
            <gpxtpx:hr>156</gpxtpx:hr>
          </gpxtpx:TrackPointExtension>
        </extensions>
      </trkpt>
      <trkpt lat="35.70959231816232" lon="139.66497058980167">
        <ele>47.20000076293945</ele>
        <time>2026-08-11T10:02:20Z</time>
        <extensions>
          <gpxtpx:TrackPointExtension>
            <gpxtpx:hr>156</gpxtpx:hr>
          </gpxtpx:TrackPointExtension>
        </extensions>
      </trkpt>
      <trkpt lat="35.70956331677735" lon="139.6649743616581">
        <ele>47.20000076293945</ele>
        <time>2026-08-11T10:02:21Z</time>
        <extensions>
          <gpxtpx:TrackPointExtension>
            <gpxtpx:hr>155</gpxtpx:hr>
          </gpxtpx:TrackPointExtension>
        </extensions>
      </trkpt>
      <trkpt lat="35.70953439921141" lon="139.6649746131152">
        <ele>47.20000076293945</ele>
        <time>2026-08-11T10:02:22Z</time>
        <extensions>
          <gpxtpx:TrackPointExtension>
            <gpxtpx:hr>155</gpxtpx:hr>
          </gpxtpx:TrackPointExtension>
        </extensions>
      </trkpt>
      <trkpt lat="35.70950707420707" lon="139.66497427783906">
        <ele>47</ele>
        <time>2026-08-11T10:02:23Z</time>
        <extensions>
          <gpxtpx:TrackPointExtension>
            <gpxtpx:hr>155</gpxtpx:hr>
          </gpxtpx:TrackPointExtension>
        </extensions>
      </trkpt>
      <trkpt lat="35.709483018144965" lon="139.66497394256294">
        <ele>46.79999923706055</ele>
        <time>2026-08-11T10:02:24Z</time>
        <extensions>
          <gpxtpx:TrackPointExtension>
            <gpxtpx:hr>155</gpxtpx:hr>
          </gpxtpx:TrackPointExtension>
        </extensions>
      </trkpt>
      <trkpt lat="35.70945929735899" lon="139.66497478075325">
        <ele>46.599998474121094</ele>
        <time>2026-08-11T10:02:25Z</time>
        <extensions>
          <gpxtpx:TrackPointExtension>
            <gpxtpx:hr>155</gpxtpx:hr>
          </gpxtpx:TrackPointExtension>
        </extensions>
      </trkpt>
      <trkpt lat="35.709432894364" lon="139.6649759542197">
        <ele>46.599998474121094</ele>
        <time>2026-08-11T10:02:26Z</time>
        <extensions>
          <gpxtpx:TrackPointExtension>
            <gpxtpx:hr>154</gpxtpx:hr>
          </gpxtpx:TrackPointExtension>
        </extensions>
      </trkpt>
      <trkpt lat="35.70940691046417" lon="139.66497771441936">
        <ele>46.599998474121094</ele>
        <time>2026-08-11T10:02:27Z</time>
        <extensions>
          <gpxtpx:TrackPointExtension>
            <gpxtpx:hr>154</gpxtpx:hr>
          </gpxtpx:TrackPointExtension>
        </extensions>
      </trkpt>
      <trkpt lat="35.70938075892627" lon="139.66498031280935">
        <ele>46.599998474121094</ele>
        <time>2026-08-11T10:02:28Z</time>
        <extensions>
          <gpxtpx:TrackPointExtension>
            <gpxtpx:hr>154</gpxtpx:hr>
          </gpxtpx:TrackPointExtension>
        </extensions>
      </trkpt>
      <trkpt lat="35.70935418829322" lon="139.66497980989516">
        <ele>46.599998474121094</ele>
        <time>2026-08-11T10:02:29Z</time>
        <extensions>
          <gpxtpx:TrackPointExtension>
            <gpxtpx:hr>154</gpxtpx:hr>
          </gpxtpx:TrackPointExtension>
        </extensions>
      </trkpt>
      <trkpt lat="35.709330048412085" lon="139.66498014517128">
        <ele>46.599998474121094</ele>
        <time>2026-08-11T10:02:30Z</time>
        <extensions>
          <gpxtpx:TrackPointExtension>
            <gpxtpx:hr>154</gpxtpx:hr>
          </gpxtpx:TrackPointExtension>
        </extensions>
      </trkpt>
      <trkpt lat="35.709307165816426" lon="139.6649783011526">
        <ele>46.400001525878906</ele>
        <time>2026-08-11T10:02:31Z</time>
        <extensions>
          <gpxtpx:TrackPointExtension>
            <gpxtpx:hr>154</gpxtpx:hr>
          </gpxtpx:TrackPointExtension>
        </extensions>
      </trkpt>
      <trkpt lat="35.7092827744782" lon="139.66497771441936">
        <ele>46.599998474121094</ele>
        <time>2026-08-11T10:02:32Z</time>
        <extensions>
          <gpxtpx:TrackPointExtension>
            <gpxtpx:hr>154</gpxtpx:hr>
          </gpxtpx:TrackPointExtension>
        </extensions>
      </trkpt>
      <trkpt lat="35.7092600595206" lon="139.66497813351452">
        <ele>46.599998474121094</ele>
        <time>2026-08-11T10:02:33Z</time>
        <extensions>
          <gpxtpx:TrackPointExtension>
            <gpxtpx:hr>154</gpxtpx:hr>
          </gpxtpx:TrackPointExtension>
        </extensions>
      </trkpt>
      <trkpt lat="35.709240194410086" lon="139.66497679241002">
        <ele>46.599998474121094</ele>
        <time>2026-08-11T10:02:34Z</time>
        <extensions>
          <gpxtpx:TrackPointExtension>
            <gpxtpx:hr>154</gpxtpx:hr>
          </gpxtpx:TrackPointExtension>
        </extensions>
      </trkpt>
      <trkpt lat="35.70922099985182" lon="139.6649762056768">
        <ele>46.599998474121094</ele>
        <time>2026-08-11T10:02:35Z</time>
        <extensions>
          <gpxtpx:TrackPointExtension>
            <gpxtpx:hr>154</gpxtpx:hr>
          </gpxtpx:TrackPointExtension>
        </extensions>
      </trkpt>
      <trkpt lat="35.709203062579036" lon="139.66497746296227">
        <ele>46.599998474121094</ele>
        <time>2026-08-11T10:02:36Z</time>
        <extensions>
          <gpxtpx:TrackPointExtension>
            <gpxtpx:hr>154</gpxtpx:hr>
          </gpxtpx:TrackPointExtension>
        </extensions>
      </trkpt>
      <trkpt lat="35.709182526916265" lon="139.6649780496955">
        <ele>46.79999923706055</ele>
        <time>2026-08-11T10:02:37Z</time>
        <extensions>
          <gpxtpx:TrackPointExtension>
            <gpxtpx:hr>154</gpxtpx:hr>
          </gpxtpx:TrackPointExtension>
        </extensions>
      </trkpt>
      <trkpt lat="35.709159979596734" lon="139.66497821733356">
        <ele>46.79999923706055</ele>
        <time>2026-08-11T10:02:38Z</time>
        <extensions>
          <gpxtpx:TrackPointExtension>
            <gpxtpx:hr>154</gpxtpx:hr>
          </gpxtpx:TrackPointExtension>
        </extensions>
      </trkpt>
      <trkpt lat="35.709138019010425" lon="139.66498081572354">
        <ele>47.20000076293945</ele>
        <time>2026-08-11T10:02:39Z</time>
        <extensions>
          <gpxtpx:TrackPointExtension>
            <gpxtpx:hr>154</gpxtpx:hr>
          </gpxtpx:TrackPointExtension>
        </extensions>
      </trkpt>
      <trkpt lat="35.70911379531026" lon="139.664984671399">
        <ele>47.400001525878906</ele>
        <time>2026-08-11T10:02:40Z</time>
        <extensions>
          <gpxtpx:TrackPointExtension>
            <gpxtpx:hr>154</gpxtpx:hr>
          </gpxtpx:TrackPointExtension>
        </extensions>
      </trkpt>
      <trkpt lat="35.70909233763814" lon="139.66499003581703">
        <ele>47.599998474121094</ele>
        <time>2026-08-11T10:02:41Z</time>
        <extensions>
          <gpxtpx:TrackPointExtension>
            <gpxtpx:hr>154</gpxtpx:hr>
          </gpxtpx:TrackPointExtension>
        </extensions>
      </trkpt>
      <trkpt lat="35.70906551554799" lon="139.66499431058764">
        <ele>47.79999923706055</ele>
        <time>2026-08-11T10:02:42Z</time>
        <extensions>
          <gpxtpx:TrackPointExtension>
            <gpxtpx:hr>154</gpxtpx:hr>
          </gpxtpx:TrackPointExtension>
        </extensions>
      </trkpt>
      <trkpt lat="35.70903961546719" lon="139.66499825008214">
        <ele>48.20000076293945</ele>
        <time>2026-08-11T10:02:43Z</time>
        <extensions>
          <gpxtpx:TrackPointExtension>
            <gpxtpx:hr>153</gpxtpx:hr>
          </gpxtpx:TrackPointExtension>
        </extensions>
      </trkpt>
      <trkpt lat="35.70900944061577" lon="139.66500118374825">
        <ele>48.20000076293945</ele>
        <time>2026-08-11T10:02:44Z</time>
        <extensions>
          <gpxtpx:TrackPointExtension>
            <gpxtpx:hr>154</gpxtpx:hr>
          </gpxtpx:TrackPointExtension>
        </extensions>
      </trkpt>
      <trkpt lat="35.70898035541177" lon="139.66500470414758">
        <ele>48.20000076293945</ele>
        <time>2026-08-11T10:02:45Z</time>
        <extensions>
          <gpxtpx:TrackPointExtension>
            <gpxtpx:hr>154</gpxtpx:hr>
          </gpxtpx:TrackPointExtension>
        </extensions>
      </trkpt>
      <trkpt lat="35.70895244367421" lon="139.66500730253756">
        <ele>48</ele>
        <time>2026-08-11T10:02:46Z</time>
        <extensions>
          <gpxtpx:TrackPointExtension>
            <gpxtpx:hr>154</gpxtpx:hr>
          </gpxtpx:TrackPointExtension>
        </extensions>
      </trkpt>
      <trkpt lat="35.70892285555601" lon="139.6650108229369">
        <ele>47.79999923706055</ele>
        <time>2026-08-11T10:02:47Z</time>
        <extensions>
          <gpxtpx:TrackPointExtension>
            <gpxtpx:hr>154</gpxtpx:hr>
          </gpxtpx:TrackPointExtension>
        </extensions>
      </trkpt>
      <trkpt lat="35.708894273266196" lon="139.6650153491646">
        <ele>47.599998474121094</ele>
        <time>2026-08-11T10:02:48Z</time>
        <extensions>
          <gpxtpx:TrackPointExtension>
            <gpxtpx:hr>154</gpxtpx:hr>
          </gpxtpx:TrackPointExtension>
        </extensions>
      </trkpt>
      <trkpt lat="35.70886552333832" lon="139.6650197915733">
        <ele>47.400001525878906</ele>
        <time>2026-08-11T10:02:49Z</time>
        <extensions>
          <gpxtpx:TrackPointExtension>
            <gpxtpx:hr>154</gpxtpx:hr>
          </gpxtpx:TrackPointExtension>
        </extensions>
      </trkpt>
      <trkpt lat="35.70884012617171" lon="139.66502574272454">
        <ele>47.400001525878906</ele>
        <time>2026-08-11T10:02:50Z</time>
        <extensions>
          <gpxtpx:TrackPointExtension>
            <gpxtpx:hr>154</gpxtpx:hr>
          </gpxtpx:TrackPointExtension>
        </extensions>
      </trkpt>
      <trkpt lat="35.708813136443496" lon="139.66502993367612">
        <ele>47.400001525878906</ele>
        <time>2026-08-11T10:02:51Z</time>
        <extensions>
          <gpxtpx:TrackPointExtension>
            <gpxtpx:hr>154</gpxtpx:hr>
          </gpxtpx:TrackPointExtension>
        </extensions>
      </trkpt>
      <trkpt lat="35.70879000239074" lon="139.6650335378945">
        <ele>47.400001525878906</ele>
        <time>2026-08-11T10:02:52Z</time>
        <extensions>
          <gpxtpx:TrackPointExtension>
            <gpxtpx:hr>154</gpxtpx:hr>
          </gpxtpx:TrackPointExtension>
        </extensions>
      </trkpt>
      <trkpt lat="35.70876586250961" lon="139.66503521427512">
        <ele>47.20000076293945</ele>
        <time>2026-08-11T10:02:53Z</time>
        <extensions>
          <gpxtpx:TrackPointExtension>
            <gpxtpx:hr>154</gpxtpx:hr>
          </gpxtpx:TrackPointExtension>
        </extensions>
      </trkpt>
      <trkpt lat="35.70874096825719" lon="139.66503848321736">
        <ele>47.20000076293945</ele>
        <time>2026-08-11T10:02:54Z</time>
        <extensions>
          <gpxtpx:TrackPointExtension>
            <gpxtpx:hr>154</gpxtpx:hr>
          </gpxtpx:TrackPointExtension>
        </extensions>
      </trkpt>
      <trkpt lat="35.7087145652622" lon="139.66503906995058">
        <ele>47</ele>
        <time>2026-08-11T10:02:55Z</time>
        <extensions>
          <gpxtpx:TrackPointExtension>
            <gpxtpx:hr>155</gpxtpx:hr>
          </gpxtpx:TrackPointExtension>
        </extensions>
      </trkpt>
      <trkpt lat="35.708685563877225" lon="139.66504083015025">
        <ele>47</ele>
        <time>2026-08-11T10:02:56Z</time>
        <extensions>
          <gpxtpx:TrackPointExtension>
            <gpxtpx:hr>154</gpxtpx:hr>
          </gpxtpx:TrackPointExtension>
        </extensions>
      </trkpt>
      <trkpt lat="35.708657233044505" lon="139.66504510492086">
        <ele>46.79999923706055</ele>
        <time>2026-08-11T10:02:57Z</time>
        <extensions>
          <gpxtpx:TrackPointExtension>
            <gpxtpx:hr>154</gpxtpx:hr>
          </gpxtpx:TrackPointExtension>
        </extensions>
      </trkpt>
      <trkpt lat="35.708630830049515" lon="139.66504761949182">
        <ele>46.79999923706055</ele>
        <time>2026-08-11T10:02:58Z</time>
        <extensions>
          <gpxtpx:TrackPointExtension>
            <gpxtpx:hr>155</gpxtpx:hr>
          </gpxtpx:TrackPointExtension>
        </extensions>
      </trkpt>
      <trkpt lat="35.708603002130985" lon="139.66504711657763">
        <ele>46.79999923706055</ele>
        <time>2026-08-11T10:02:59Z</time>
        <extensions>
          <gpxtpx:TrackPointExtension>
            <gpxtpx:hr>155</gpxtpx:hr>
          </gpxtpx:TrackPointExtension>
        </extensions>
      </trkpt>
      <trkpt lat="35.70857601240277" lon="139.66504426673055">
        <ele>46.79999923706055</ele>
        <time>2026-08-11T10:03:00Z</time>
        <extensions>
          <gpxtpx:TrackPointExtension>
            <gpxtpx:hr>155</gpxtpx:hr>
          </gpxtpx:TrackPointExtension>
        </extensions>
      </trkpt>
      <trkpt lat="35.70854893885553" lon="139.6650415007025">
        <ele>46.79999923706055</ele>
        <time>2026-08-11T10:03:01Z</time>
        <extensions>
          <gpxtpx:TrackPointExtension>
            <gpxtpx:hr>155</gpxtpx:hr>
          </gpxtpx:TrackPointExtension>
        </extensions>
      </trkpt>
      <trkpt lat="35.708524296060205" lon="139.66503789648414">
        <ele>47</ele>
        <time>2026-08-11T10:03:02Z</time>
        <extensions>
          <gpxtpx:TrackPointExtension>
            <gpxtpx:hr>154</gpxtpx:hr>
          </gpxtpx:TrackPointExtension>
        </extensions>
      </trkpt>
      <trkpt lat="35.708504263311625" lon="139.66503504663706">
        <ele>47</ele>
        <time>2026-08-11T10:03:03Z</time>
        <extensions>
          <gpxtpx:TrackPointExtension>
            <gpxtpx:hr>155</gpxtpx:hr>
          </gpxtpx:TrackPointExtension>
        </extensions>
      </trkpt>
      <trkpt lat="35.708487164229155" lon="139.66503177769482">
        <ele>47.20000076293945</ele>
        <time>2026-08-11T10:03:04Z</time>
        <extensions>
          <gpxtpx:TrackPointExtension>
            <gpxtpx:hr>155</gpxtpx:hr>
          </gpxtpx:TrackPointExtension>
        </extensions>
      </trkpt>
      <trkpt lat="35.70847266353667" lon="139.66503311879933">
        <ele>47.20000076293945</ele>
        <time>2026-08-11T10:03:05Z</time>
        <extensions>
          <gpxtpx:TrackPointExtension>
            <gpxtpx:hr>155</gpxtpx:hr>
          </gpxtpx:TrackPointExtension>
        </extensions>
      </trkpt>
      <trkpt lat="35.70845925249159" lon="139.6650351304561">
        <ele>47.20000076293945</ele>
        <time>2026-08-11T10:03:06Z</time>
        <extensions>
          <gpxtpx:TrackPointExtension>
            <gpxtpx:hr>156</gpxtpx:hr>
          </gpxtpx:TrackPointExtension>
        </extensions>
      </trkpt>
      <trkpt lat="35.70844793692231" lon="139.6650399081409">
        <ele>47.20000076293945</ele>
        <time>2026-08-11T10:03:07Z</time>
        <extensions>
          <gpxtpx:TrackPointExtension>
            <gpxtpx:hr>156</gpxtpx:hr>
          </gpxtpx:TrackPointExtension>
        </extensions>
      </trkpt>
      <trkpt lat="35.70841943845153" lon="139.66504191979766">
        <ele>48.20000076293945</ele>
        <time>2026-08-11T10:03:57Z</time>
        <extensions>
          <gpxtpx:TrackPointExtension>
            <gpxtpx:hr>146</gpxtpx:hr>
          </gpxtpx:TrackPointExtension>
        </extensions>
      </trkpt>
      <trkpt lat="35.70841474458575" lon="139.6650420036167">
        <ele>48.400001525878906</ele>
        <time>2026-08-11T10:03:58Z</time>
        <extensions>
          <gpxtpx:TrackPointExtension>
            <gpxtpx:hr>146</gpxtpx:hr>
          </gpxtpx:TrackPointExtension>
        </extensions>
      </trkpt>
      <trkpt lat="35.708406530320644" lon="139.66504242271185">
        <ele>48.400001525878906</ele>
        <time>2026-08-11T10:03:59Z</time>
        <extensions>
          <gpxtpx:TrackPointExtension>
            <gpxtpx:hr>145</gpxtpx:hr>
          </gpxtpx:TrackPointExtension>
        </extensions>
      </trkpt>
      <trkpt lat="35.70838540792465" lon="139.66504393145442">
        <ele>48.79999923706055</ele>
        <time>2026-08-11T10:04:00Z</time>
        <extensions>
          <gpxtpx:TrackPointExtension>
            <gpxtpx:hr>145</gpxtpx:hr>
          </gpxtpx:TrackPointExtension>
        </extensions>
      </trkpt>
      <trkpt lat="35.708364034071565" lon="139.66504661366343">
        <ele>48.79999923706055</ele>
        <time>2026-08-11T10:04:01Z</time>
        <extensions>
          <gpxtpx:TrackPointExtension>
            <gpxtpx:hr>144</gpxtpx:hr>
          </gpxtpx:TrackPointExtension>
        </extensions>
      </trkpt>
      <trkpt lat="35.708344504237175" lon="139.66504879295826">
        <ele>48.599998474121094</ele>
        <time>2026-08-11T10:04:02Z</time>
        <extensions>
          <gpxtpx:TrackPointExtension>
            <gpxtpx:hr>144</gpxtpx:hr>
          </gpxtpx:TrackPointExtension>
        </extensions>
      </trkpt>
      <trkpt lat="35.70832162164152" lon="139.66505088843405">
        <ele>48.20000076293945</ele>
        <time>2026-08-11T10:04:03Z</time>
        <extensions>
          <gpxtpx:TrackPointExtension>
            <gpxtpx:hr>144</gpxtpx:hr>
          </gpxtpx:TrackPointExtension>
        </extensions>
      </trkpt>
      <trkpt lat="35.708296140655875" lon="139.66505516320467">
        <ele>47.599998474121094</ele>
        <time>2026-08-11T10:04:04Z</time>
        <extensions>
          <gpxtpx:TrackPointExtension>
            <gpxtpx:hr>145</gpxtpx:hr>
          </gpxtpx:TrackPointExtension>
        </extensions>
      </trkpt>
      <trkpt lat="35.70826915092766" lon="139.66506069526076">
        <ele>47</ele>
        <time>2026-08-11T10:04:05Z</time>
        <extensions>
          <gpxtpx:TrackPointExtension>
            <gpxtpx:hr>146</gpxtpx:hr>
          </gpxtpx:TrackPointExtension>
        </extensions>
      </trkpt>
      <trkpt lat="35.70824316702783" lon="139.66506547294557">
        <ele>46.599998474121094</ele>
        <time>2026-08-11T10:04:06Z</time>
        <extensions>
          <gpxtpx:TrackPointExtension>
            <gpxtpx:hr>146</gpxtpx:hr>
          </gpxtpx:TrackPointExtension>
        </extensions>
      </trkpt>
      <trkpt lat="35.708217434585094" lon="139.66506840661168">
        <ele>46.599998474121094</ele>
        <time>2026-08-11T10:04:07Z</time>
        <extensions>
          <gpxtpx:TrackPointExtension>
            <gpxtpx:hr>146</gpxtpx:hr>
          </gpxtpx:TrackPointExtension>
        </extensions>
      </trkpt>
      <trkpt lat="35.70819086395204" lon="139.66506966389716">
        <ele>46.599998474121094</ele>
        <time>2026-08-11T10:04:08Z</time>
        <extensions>
          <gpxtpx:TrackPointExtension>
            <gpxtpx:hr>147</gpxtpx:hr>
          </gpxtpx:TrackPointExtension>
        </extensions>
      </trkpt>
      <trkpt lat="35.708167143166065" lon="139.66506983153522">
        <ele>46.79999923706055</ele>
        <time>2026-08-11T10:04:09Z</time>
        <extensions>
          <gpxtpx:TrackPointExtension>
            <gpxtpx:hr>147</gpxtpx:hr>
          </gpxtpx:TrackPointExtension>
        </extensions>
      </trkpt>
      <trkpt lat="35.70814375765622" lon="139.66507075354457">
        <ele>47</ele>
        <time>2026-08-11T10:04:10Z</time>
        <extensions>
          <gpxtpx:TrackPointExtension>
            <gpxtpx:hr>148</gpxtpx:hr>
          </gpxtpx:TrackPointExtension>
        </extensions>
      </trkpt>
      <trkpt lat="35.708116851747036" lon="139.6650715917349">
        <ele>47.20000076293945</ele>
        <time>2026-08-11T10:04:11Z</time>
        <extensions>
          <gpxtpx:TrackPointExtension>
            <gpxtpx:hr>148</gpxtpx:hr>
          </gpxtpx:TrackPointExtension>
        </extensions>
      </trkpt>
      <trkpt lat="35.708089862018824" lon="139.66507226228714">
        <ele>47.20000076293945</ele>
        <time>2026-08-11T10:04:12Z</time>
        <extensions>
          <gpxtpx:TrackPointExtension>
            <gpxtpx:hr>148</gpxtpx:hr>
          </gpxtpx:TrackPointExtension>
        </extensions>
      </trkpt>
      <trkpt lat="35.708064464852214" lon="139.6650729328394">
        <ele>47.20000076293945</ele>
        <time>2026-08-11T10:04:13Z</time>
        <extensions>
          <gpxtpx:TrackPointExtension>
            <gpxtpx:hr>149</gpxtpx:hr>
          </gpxtpx:TrackPointExtension>
        </extensions>
      </trkpt>
      <trkpt lat="35.70803797803819" lon="139.66507494449615">
        <ele>47</ele>
        <time>2026-08-11T10:04:14Z</time>
        <extensions>
          <gpxtpx:TrackPointExtension>
            <gpxtpx:hr>148</gpxtpx:hr>
          </gpxtpx:TrackPointExtension>
        </extensions>
      </trkpt>
      <trkpt lat="35.70801232941449" lon="139.6650777105242">
        <ele>47</ele>
        <time>2026-08-11T10:04:15Z</time>
        <extensions>
          <gpxtpx:TrackPointExtension>
            <gpxtpx:hr>146</gpxtpx:hr>
          </gpxtpx:TrackPointExtension>
        </extensions>
      </trkpt>
      <trkpt lat="35.7079856749624" lon="139.66508072800934">
        <ele>47</ele>
        <time>2026-08-11T10:04:16Z</time>
        <extensions>
          <gpxtpx:TrackPointExtension>
            <gpxtpx:hr>143</gpxtpx:hr>
          </gpxtpx:TrackPointExtension>
        </extensions>
      </trkpt>
      <trkpt lat="35.70795918814838" lon="139.66508357785642">
        <ele>47</ele>
        <time>2026-08-11T10:04:17Z</time>
        <extensions>
          <gpxtpx:TrackPointExtension>
            <gpxtpx:hr>140</gpxtpx:hr>
          </gpxtpx:TrackPointExtension>
        </extensions>
      </trkpt>
      <trkpt lat="35.7079322822392" lon="139.66508626006544">
        <ele>47.20000076293945</ele>
        <time>2026-08-11T10:04:18Z</time>
        <extensions>
          <gpxtpx:TrackPointExtension>
            <gpxtpx:hr>139</gpxtpx:hr>
          </gpxtpx:TrackPointExtension>
        </extensions>
      </trkpt>
      <trkpt lat="35.7079045381397" lon="139.6650893613696">
        <ele>47.400001525878906</ele>
        <time>2026-08-11T10:04:19Z</time>
        <extensions>
          <gpxtpx:TrackPointExtension>
            <gpxtpx:hr>138</gpxtpx:hr>
          </gpxtpx:TrackPointExtension>
        </extensions>
      </trkpt>
      <trkpt lat="35.70787721313536" lon="139.6650927979499">
        <ele>47.400001525878906</ele>
        <time>2026-08-11T10:04:20Z</time>
        <extensions>
          <gpxtpx:TrackPointExtension>
            <gpxtpx:hr>138</gpxtpx:hr>
          </gpxtpx:TrackPointExtension>
        </extensions>
      </trkpt>
      <trkpt lat="35.70784921757877" lon="139.6650985814631">
        <ele>47.400001525878906</ele>
        <time>2026-08-11T10:04:21Z</time>
        <extensions>
          <gpxtpx:TrackPointExtension>
            <gpxtpx:hr>138</gpxtpx:hr>
          </gpxtpx:TrackPointExtension>
        </extensions>
      </trkpt>
      <trkpt lat="35.70782046765089" lon="139.6651052031666">
        <ele>47.400001525878906</ele>
        <time>2026-08-11T10:04:22Z</time>
        <extensions>
          <gpxtpx:TrackPointExtension>
            <gpxtpx:hr>137</gpxtpx:hr>
          </gpxtpx:TrackPointExtension>
        </extensions>
      </trkpt>
      <trkpt lat="35.707791801542044" lon="139.66511509381235">
        <ele>47.400001525878906</ele>
        <time>2026-08-11T10:04:23Z</time>
        <extensions>
          <gpxtpx:TrackPointExtension>
            <gpxtpx:hr>138</gpxtpx:hr>
          </gpxtpx:TrackPointExtension>
        </extensions>
      </trkpt>
      <trkpt lat="35.70776556618512" lon="139.6651223860681">
        <ele>47.20000076293945</ele>
        <time>2026-08-11T10:04:24Z</time>
        <extensions>
          <gpxtpx:TrackPointExtension>
            <gpxtpx:hr>138</gpxtpx:hr>
          </gpxtpx:TrackPointExtension>
        </extensions>
      </trkpt>
      <trkpt lat="35.707738827914" lon="139.66512808576226">
        <ele>47</ele>
        <time>2026-08-11T10:04:25Z</time>
        <extensions>
          <gpxtpx:TrackPointExtension>
            <gpxtpx:hr>138</gpxtpx:hr>
          </gpxtpx:TrackPointExtension>
        </extensions>
      </trkpt>
      <trkpt lat="35.707712173461914" lon="139.66513236053288">
        <ele>47</ele>
        <time>2026-08-11T10:04:26Z</time>
        <extensions>
          <gpxtpx:TrackPointExtension>
            <gpxtpx:hr>138</gpxtpx:hr>
          </gpxtpx:TrackPointExtension>
        </extensions>
      </trkpt>
      <trkpt lat="35.70768551900983" lon="139.66513705439866">
        <ele>46.79999923706055</ele>
        <time>2026-08-11T10:04:27Z</time>
        <extensions>
          <gpxtpx:TrackPointExtension>
            <gpxtpx:hr>139</gpxtpx:hr>
          </gpxtpx:TrackPointExtension>
        </extensions>
      </trkpt>
      <trkpt lat="35.70765953511" lon="139.66514040715992">
        <ele>46.79999923706055</ele>
        <time>2026-08-11T10:04:28Z</time>
        <extensions>
          <gpxtpx:TrackPointExtension>
            <gpxtpx:hr>139</gpxtpx:hr>
          </gpxtpx:TrackPointExtension>
        </extensions>
      </trkpt>
      <trkpt lat="35.707634976133704" lon="139.66514049097896">
        <ele>46.79999923706055</ele>
        <time>2026-08-11T10:04:29Z</time>
        <extensions>
          <gpxtpx:TrackPointExtension>
            <gpxtpx:hr>139</gpxtpx:hr>
          </gpxtpx:TrackPointExtension>
        </extensions>
      </trkpt>
      <trkpt lat="35.70760932751" lon="139.66514107771218">
        <ele>46.79999923706055</ele>
        <time>2026-08-11T10:04:30Z</time>
        <extensions>
          <gpxtpx:TrackPointExtension>
            <gpxtpx:hr>140</gpxtpx:hr>
          </gpxtpx:TrackPointExtension>
        </extensions>
      </trkpt>
      <trkpt lat="35.707583175972104" lon="139.6651427540928">
        <ele>46.599998474121094</ele>
        <time>2026-08-11T10:04:31Z</time>
        <extensions>
          <gpxtpx:TrackPointExtension>
            <gpxtpx:hr>140</gpxtpx:hr>
          </gpxtpx:TrackPointExtension>
        </extensions>
      </trkpt>
      <trkpt lat="35.70755509659648" lon="139.66514292173088">
        <ele>46.400001525878906</ele>
        <time>2026-08-11T10:04:32Z</time>
        <extensions>
          <gpxtpx:TrackPointExtension>
            <gpxtpx:hr>140</gpxtpx:hr>
          </gpxtpx:TrackPointExtension>
        </extensions>
      </trkpt>
      <trkpt lat="35.707523077726364" lon="139.6651440113783">
        <ele>46.20000076293945</ele>
        <time>2026-08-11T10:04:33Z</time>
        <extensions>
          <gpxtpx:TrackPointExtension>
            <gpxtpx:hr>140</gpxtpx:hr>
          </gpxtpx:TrackPointExtension>
        </extensions>
      </trkpt>
      <trkpt lat="35.707495333626866" lon="139.6651440113783">
        <ele>45.79999923706055</ele>
        <time>2026-08-11T10:04:34Z</time>
        <extensions>
          <gpxtpx:TrackPointExtension>
            <gpxtpx:hr>141</gpxtpx:hr>
          </gpxtpx:TrackPointExtension>
        </extensions>
      </trkpt>
      <trkpt lat="35.70746733807027" lon="139.6651421673596">
        <ele>45.599998474121094</ele>
        <time>2026-08-11T10:04:35Z</time>
        <extensions>
          <gpxtpx:TrackPointExtension>
            <gpxtpx:hr>141</gpxtpx:hr>
          </gpxtpx:TrackPointExtension>
        </extensions>
      </trkpt>
      <trkpt lat="35.70743699558079" lon="139.66513965278864">
        <ele>45.400001525878906</ele>
        <time>2026-08-11T10:04:36Z</time>
        <extensions>
          <gpxtpx:TrackPointExtension>
            <gpxtpx:hr>141</gpxtpx:hr>
          </gpxtpx:TrackPointExtension>
        </extensions>
      </trkpt>
      <trkpt lat="35.70740723982453" lon="139.66513856314123">
        <ele>45.400001525878906</ele>
        <time>2026-08-11T10:04:37Z</time>
        <extensions>
          <gpxtpx:TrackPointExtension>
            <gpxtpx:hr>141</gpxtpx:hr>
          </gpxtpx:TrackPointExtension>
        </extensions>
      </trkpt>
      <trkpt lat="35.70737631060183" lon="139.6651382278651">
        <ele>45.20000076293945</ele>
        <time>2026-08-11T10:04:38Z</time>
        <extensions>
          <gpxtpx:TrackPointExtension>
            <gpxtpx:hr>141</gpxtpx:hr>
          </gpxtpx:TrackPointExtension>
        </extensions>
      </trkpt>
      <trkpt lat="35.70734906941652" lon="139.66513738967478">
        <ele>45.20000076293945</ele>
        <time>2026-08-11T10:04:39Z</time>
        <extensions>
          <gpxtpx:TrackPointExtension>
            <gpxtpx:hr>142</gpxtpx:hr>
          </gpxtpx:TrackPointExtension>
        </extensions>
      </trkpt>
      <trkpt lat="35.70732409134507" lon="139.66513697057962">
        <ele>45.20000076293945</ele>
        <time>2026-08-11T10:04:40Z</time>
        <extensions>
          <gpxtpx:TrackPointExtension>
            <gpxtpx:hr>142</gpxtpx:hr>
          </gpxtpx:TrackPointExtension>
        </extensions>
      </trkpt>
      <trkpt lat="35.70729425176978" lon="139.6651350427419">
        <ele>45.20000076293945</ele>
        <time>2026-08-11T10:04:41Z</time>
        <extensions>
          <gpxtpx:TrackPointExtension>
            <gpxtpx:hr>142</gpxtpx:hr>
          </gpxtpx:TrackPointExtension>
        </extensions>
      </trkpt>
      <trkpt lat="35.70726684294641" lon="139.6651337016374">
        <ele>45.20000076293945</ele>
        <time>2026-08-11T10:04:42Z</time>
        <extensions>
          <gpxtpx:TrackPointExtension>
            <gpxtpx:hr>143</gpxtpx:hr>
          </gpxtpx:TrackPointExtension>
        </extensions>
      </trkpt>
      <trkpt lat="35.7072398532182" lon="139.66513236053288">
        <ele>45.20000076293945</ele>
        <time>2026-08-11T10:04:43Z</time>
        <extensions>
          <gpxtpx:TrackPointExtension>
            <gpxtpx:hr>143</gpxtpx:hr>
          </gpxtpx:TrackPointExtension>
        </extensions>
      </trkpt>
      <trkpt lat="35.707216216251254" lon="139.66513437218964">
        <ele>45.20000076293945</ele>
        <time>2026-08-11T10:04:44Z</time>
        <extensions>
          <gpxtpx:TrackPointExtension>
            <gpxtpx:hr>143</gpxtpx:hr>
          </gpxtpx:TrackPointExtension>
        </extensions>
      </trkpt>
      <trkpt lat="35.707195680588484" lon="139.66513462364674">
        <ele>45.20000076293945</ele>
        <time>2026-08-11T10:04:45Z</time>
        <extensions>
          <gpxtpx:TrackPointExtension>
            <gpxtpx:hr>143</gpxtpx:hr>
          </gpxtpx:TrackPointExtension>
        </extensions>
      </trkpt>
      <trkpt lat="35.707169864326715" lon="139.66513621620834">
        <ele>45</ele>
        <time>2026-08-11T10:04:46Z</time>
        <extensions>
          <gpxtpx:TrackPointExtension>
            <gpxtpx:hr>143</gpxtpx:hr>
          </gpxtpx:TrackPointExtension>
        </extensions>
      </trkpt>
      <trkpt lat="35.70714329369366" lon="139.66513881459832">
        <ele>45</ele>
        <time>2026-08-11T10:04:47Z</time>
        <extensions>
          <gpxtpx:TrackPointExtension>
            <gpxtpx:hr>144</gpxtpx:hr>
          </gpxtpx:TrackPointExtension>
        </extensions>
      </trkpt>
      <trkpt lat="35.707116639241576" lon="139.66514132916927">
        <ele>44.79999923706055</ele>
        <time>2026-08-11T10:04:48Z</time>
        <extensions>
          <gpxtpx:TrackPointExtension>
            <gpxtpx:hr>144</gpxtpx:hr>
          </gpxtpx:TrackPointExtension>
        </extensions>
      </trkpt>
      <trkpt lat="35.70709241554141" lon="139.66514409519732">
        <ele>44.599998474121094</ele>
        <time>2026-08-11T10:04:49Z</time>
        <extensions>
          <gpxtpx:TrackPointExtension>
            <gpxtpx:hr>144</gpxtpx:hr>
          </gpxtpx:TrackPointExtension>
        </extensions>
      </trkpt>
      <trkpt lat="35.70706995204091" lon="139.66514761559665">
        <ele>44.400001525878906</ele>
        <time>2026-08-11T10:04:50Z</time>
        <extensions>
          <gpxtpx:TrackPointExtension>
            <gpxtpx:hr>144</gpxtpx:hr>
          </gpxtpx:TrackPointExtension>
        </extensions>
      </trkpt>
      <trkpt lat="35.70704597979784" lon="139.6651501301676">
        <ele>44.400001525878906</ele>
        <time>2026-08-11T10:04:51Z</time>
        <extensions>
          <gpxtpx:TrackPointExtension>
            <gpxtpx:hr>144</gpxtpx:hr>
          </gpxtpx:TrackPointExtension>
        </extensions>
      </trkpt>
      <trkpt lat="35.70702150464058" lon="139.6651519741863">
        <ele>44.400001525878906</ele>
        <time>2026-08-11T10:04:52Z</time>
        <extensions>
          <gpxtpx:TrackPointExtension>
            <gpxtpx:hr>145</gpxtpx:hr>
          </gpxtpx:TrackPointExtension>
        </extensions>
      </trkpt>
      <trkpt lat="35.70699602365494" lon="139.66515440493822">
        <ele>44.400001525878906</ele>
        <time>2026-08-11T10:04:53Z</time>
        <extensions>
          <gpxtpx:TrackPointExtension>
            <gpxtpx:hr>144</gpxtpx:hr>
          </gpxtpx:TrackPointExtension>
        </extensions>
      </trkpt>
      <trkpt lat="35.70697037503123" lon="139.66515624895692">
        <ele>44.400001525878906</ele>
        <time>2026-08-11T10:04:54Z</time>
        <extensions>
          <gpxtpx:TrackPointExtension>
            <gpxtpx:hr>145</gpxtpx:hr>
          </gpxtpx:TrackPointExtension>
        </extensions>
      </trkpt>
      <trkpt lat="35.706944558769464" lon="139.6651554107666">
        <ele>44.400001525878906</ele>
        <time>2026-08-11T10:04:55Z</time>
        <extensions>
          <gpxtpx:TrackPointExtension>
            <gpxtpx:hr>145</gpxtpx:hr>
          </gpxtpx:TrackPointExtension>
        </extensions>
      </trkpt>
      <trkpt lat="35.70691941305995" lon="139.66515348292887">
        <ele>44.400001525878906</ele>
        <time>2026-08-11T10:04:56Z</time>
        <extensions>
          <gpxtpx:TrackPointExtension>
            <gpxtpx:hr>145</gpxtpx:hr>
          </gpxtpx:TrackPointExtension>
        </extensions>
      </trkpt>
      <trkpt lat="35.70689451880753" lon="139.6651522256434">
        <ele>44.400001525878906</ele>
        <time>2026-08-11T10:04:57Z</time>
        <extensions>
          <gpxtpx:TrackPointExtension>
            <gpxtpx:hr>145</gpxtpx:hr>
          </gpxtpx:TrackPointExtension>
        </extensions>
      </trkpt>
      <trkpt lat="35.70686752907932" lon="139.6651540696621">
        <ele>44.400001525878906</ele>
        <time>2026-08-11T10:04:58Z</time>
        <extensions>
          <gpxtpx:TrackPointExtension>
            <gpxtpx:hr>145</gpxtpx:hr>
          </gpxtpx:TrackPointExtension>
        </extensions>
      </trkpt>
      <trkpt lat="35.70684171281755" lon="139.66515666805208">
        <ele>44.400001525878906</ele>
        <time>2026-08-11T10:04:59Z</time>
        <extensions>
          <gpxtpx:TrackPointExtension>
            <gpxtpx:hr>146</gpxtpx:hr>
          </gpxtpx:TrackPointExtension>
        </extensions>
      </trkpt>
      <trkpt lat="35.706815645098686" lon="139.66515951789916">
        <ele>44.400001525878906</ele>
        <time>2026-08-11T10:05:00Z</time>
        <extensions>
          <gpxtpx:TrackPointExtension>
            <gpxtpx:hr>146</gpxtpx:hr>
          </gpxtpx:TrackPointExtension>
        </extensions>
      </trkpt>
      <trkpt lat="35.70678982883692" lon="139.6651611942798">
        <ele>44.20000076293945</ele>
        <time>2026-08-11T10:05:01Z</time>
        <extensions>
          <gpxtpx:TrackPointExtension>
            <gpxtpx:hr>146</gpxtpx:hr>
          </gpxtpx:TrackPointExtension>
        </extensions>
      </trkpt>
      <trkpt lat="35.706763761118054" lon="139.66516085900366">
        <ele>44</ele>
        <time>2026-08-11T10:05:02Z</time>
        <extensions>
          <gpxtpx:TrackPointExtension>
            <gpxtpx:hr>146</gpxtpx:hr>
          </gpxtpx:TrackPointExtension>
        </extensions>
      </trkpt>
      <trkpt lat="35.70673584938049" lon="139.6651601884514">
        <ele>44</ele>
        <time>2026-08-11T10:05:03Z</time>
        <extensions>
          <gpxtpx:TrackPointExtension>
            <gpxtpx:hr>146</gpxtpx:hr>
          </gpxtpx:TrackPointExtension>
        </extensions>
      </trkpt>
      <trkpt lat="35.706708021461964" lon="139.66515951789916">
        <ele>43.79999923706055</ele>
        <time>2026-08-11T10:05:04Z</time>
        <extensions>
          <gpxtpx:TrackPointExtension>
            <gpxtpx:hr>146</gpxtpx:hr>
          </gpxtpx:TrackPointExtension>
        </extensions>
      </trkpt>
      <trkpt lat="35.706680193543434" lon="139.66516102664173">
        <ele>43.79999923706055</ele>
        <time>2026-08-11T10:05:05Z</time>
        <extensions>
          <gpxtpx:TrackPointExtension>
            <gpxtpx:hr>146</gpxtpx:hr>
          </gpxtpx:TrackPointExtension>
        </extensions>
      </trkpt>
      <trkpt lat="35.70665362291038" lon="139.66516404412687">
        <ele>43.79999923706055</ele>
        <time>2026-08-11T10:05:06Z</time>
        <extensions>
          <gpxtpx:TrackPointExtension>
            <gpxtpx:hr>146</gpxtpx:hr>
          </gpxtpx:TrackPointExtension>
        </extensions>
      </trkpt>
      <trkpt lat="35.70662763901055" lon="139.6651678159833">
        <ele>43.79999923706055</ele>
        <time>2026-08-11T10:05:07Z</time>
        <extensions>
          <gpxtpx:TrackPointExtension>
            <gpxtpx:hr>146</gpxtpx:hr>
          </gpxtpx:TrackPointExtension>
        </extensions>
      </trkpt>
      <trkpt lat="35.706602577120066" lon="139.66516999527812">
        <ele>43.79999923706055</ele>
        <time>2026-08-11T10:05:08Z</time>
        <extensions>
          <gpxtpx:TrackPointExtension>
            <gpxtpx:hr>146</gpxtpx:hr>
          </gpxtpx:TrackPointExtension>
        </extensions>
      </trkpt>
      <trkpt lat="35.70657785050571" lon="139.66517326422036">
        <ele>44</ele>
        <time>2026-08-11T10:05:09Z</time>
        <extensions>
          <gpxtpx:TrackPointExtension>
            <gpxtpx:hr>147</gpxtpx:hr>
          </gpxtpx:TrackPointExtension>
        </extensions>
      </trkpt>
      <trkpt lat="35.70655253715813" lon="139.66517980210483">
        <ele>43.79999923706055</ele>
        <time>2026-08-11T10:05:10Z</time>
        <extensions>
          <gpxtpx:TrackPointExtension>
            <gpxtpx:hr>146</gpxtpx:hr>
          </gpxtpx:TrackPointExtension>
        </extensions>
      </trkpt>
      <trkpt lat="35.70652848109603" lon="139.66518642380834">
        <ele>43.79999923706055</ele>
        <time>2026-08-11T10:05:11Z</time>
        <extensions>
          <gpxtpx:TrackPointExtension>
            <gpxtpx:hr>146</gpxtpx:hr>
          </gpxtpx:TrackPointExtension>
        </extensions>
      </trkpt>
      <trkpt lat="35.70650316774845" lon="139.6651918720454">
        <ele>43.599998474121094</ele>
        <time>2026-08-11T10:05:12Z</time>
        <extensions>
          <gpxtpx:TrackPointExtension>
            <gpxtpx:hr>146</gpxtpx:hr>
          </gpxtpx:TrackPointExtension>
        </extensions>
      </trkpt>
      <trkpt lat="35.70647735148668" lon="139.66519589535892">
        <ele>43.400001525878906</ele>
        <time>2026-08-11T10:05:13Z</time>
        <extensions>
          <gpxtpx:TrackPointExtension>
            <gpxtpx:hr>147</gpxtpx:hr>
          </gpxtpx:TrackPointExtension>
        </extensions>
      </trkpt>
      <trkpt lat="35.706452541053295" lon="139.6652010921389">
        <ele>43.400001525878906</ele>
        <time>2026-08-11T10:05:14Z</time>
        <extensions>
          <gpxtpx:TrackPointExtension>
            <gpxtpx:hr>146</gpxtpx:hr>
          </gpxtpx:TrackPointExtension>
        </extensions>
      </trkpt>
      <trkpt lat="35.70642680861056" lon="139.66520821675658">
        <ele>43.400001525878906</ele>
        <time>2026-08-11T10:05:15Z</time>
        <extensions>
          <gpxtpx:TrackPointExtension>
            <gpxtpx:hr>146</gpxtpx:hr>
          </gpxtpx:TrackPointExtension>
        </extensions>
      </trkpt>
      <trkpt lat="35.7064020819962" lon="139.66521500609815">
        <ele>43.599998474121094</ele>
        <time>2026-08-11T10:05:16Z</time>
        <extensions>
          <gpxtpx:TrackPointExtension>
            <gpxtpx:hr>146</gpxtpx:hr>
          </gpxtpx:TrackPointExtension>
        </extensions>
      </trkpt>
      <trkpt lat="35.706376852467656" lon="139.6652241423726">
        <ele>43.79999923706055</ele>
        <time>2026-08-11T10:05:17Z</time>
        <extensions>
          <gpxtpx:TrackPointExtension>
            <gpxtpx:hr>147</gpxtpx:hr>
          </gpxtpx:TrackPointExtension>
        </extensions>
      </trkpt>
      <trkpt lat="35.706352880224586" lon="139.66523436829448">
        <ele>44</ele>
        <time>2026-08-11T10:05:18Z</time>
        <extensions>
          <gpxtpx:TrackPointExtension>
            <gpxtpx:hr>146</gpxtpx:hr>
          </gpxtpx:TrackPointExtension>
        </extensions>
      </trkpt>
      <trkpt lat="35.706328405067325" lon="139.66524509713054">
        <ele>43.79999923706055</ele>
        <time>2026-08-11T10:05:19Z</time>
        <extensions>
          <gpxtpx:TrackPointExtension>
            <gpxtpx:hr>147</gpxtpx:hr>
          </gpxtpx:TrackPointExtension>
        </extensions>
      </trkpt>
      <trkpt lat="35.70630577392876" lon="139.6652544848621">
        <ele>43.79999923706055</ele>
        <time>2026-08-11T10:05:20Z</time>
        <extensions>
          <gpxtpx:TrackPointExtension>
            <gpxtpx:hr>147</gpxtpx:hr>
          </gpxtpx:TrackPointExtension>
        </extensions>
      </trkpt>
      <trkpt lat="35.70627694018185" lon="139.66526177711785">
        <ele>43.599998474121094</ele>
        <time>2026-08-11T10:05:21Z</time>
        <extensions>
          <gpxtpx:TrackPointExtension>
            <gpxtpx:hr>147</gpxtpx:hr>
          </gpxtpx:TrackPointExtension>
        </extensions>
      </trkpt>
      <trkpt lat="35.70624031126499" lon="139.66526462696493">
        <ele>43.400001525878906</ele>
        <time>2026-08-11T10:05:22Z</time>
        <extensions>
          <gpxtpx:TrackPointExtension>
            <gpxtpx:hr>147</gpxtpx:hr>
          </gpxtpx:TrackPointExtension>
        </extensions>
      </trkpt>
      <trkpt lat="35.706206783652306" lon="139.6652666386217">
        <ele>43.400001525878906</ele>
        <time>2026-08-11T10:05:23Z</time>
        <extensions>
          <gpxtpx:TrackPointExtension>
            <gpxtpx:hr>147</gpxtpx:hr>
          </gpxtpx:TrackPointExtension>
        </extensions>
      </trkpt>
      <trkpt lat="35.70617828518152" lon="139.66526940464973">
        <ele>43.20000076293945</ele>
        <time>2026-08-11T10:05:24Z</time>
        <extensions>
          <gpxtpx:TrackPointExtension>
            <gpxtpx:hr>147</gpxtpx:hr>
          </gpxtpx:TrackPointExtension>
        </extensions>
      </trkpt>
      <trkpt lat="35.706151546910405" lon="139.66527468524873">
        <ele>43</ele>
        <time>2026-08-11T10:05:25Z</time>
        <extensions>
          <gpxtpx:TrackPointExtension>
            <gpxtpx:hr>148</gpxtpx:hr>
          </gpxtpx:TrackPointExtension>
        </extensions>
      </trkpt>
      <trkpt lat="35.706126149743795" lon="139.66527770273387">
        <ele>42.79999923706055</ele>
        <time>2026-08-11T10:05:26Z</time>
        <extensions>
          <gpxtpx:TrackPointExtension>
            <gpxtpx:hr>147</gpxtpx:hr>
          </gpxtpx:TrackPointExtension>
        </extensions>
      </trkpt>
      <trkpt lat="35.70610033348203" lon="139.6652798820287">
        <ele>42.599998474121094</ele>
        <time>2026-08-11T10:05:27Z</time>
        <extensions>
          <gpxtpx:TrackPointExtension>
            <gpxtpx:hr>147</gpxtpx:hr>
          </gpxtpx:TrackPointExtension>
        </extensions>
      </trkpt>
      <trkpt lat="35.706073343753815" lon="139.66528264805675">
        <ele>42.400001525878906</ele>
        <time>2026-08-11T10:05:28Z</time>
        <extensions>
          <gpxtpx:TrackPointExtension>
            <gpxtpx:hr>148</gpxtpx:hr>
          </gpxtpx:TrackPointExtension>
        </extensions>
      </trkpt>
      <trkpt lat="35.70604576729238" lon="139.665286000818">
        <ele>42.20000076293945</ele>
        <time>2026-08-11T10:05:29Z</time>
        <extensions>
          <gpxtpx:TrackPointExtension>
            <gpxtpx:hr>148</gpxtpx:hr>
          </gpxtpx:TrackPointExtension>
        </extensions>
      </trkpt>
      <trkpt lat="35.70601919665933" lon="139.6652880962938">
        <ele>42.20000076293945</ele>
        <time>2026-08-11T10:05:30Z</time>
        <extensions>
          <gpxtpx:TrackPointExtension>
            <gpxtpx:hr>148</gpxtpx:hr>
          </gpxtpx:TrackPointExtension>
        </extensions>
      </trkpt>
      <trkpt lat="35.705993715673685" lon="139.66529077850282">
        <ele>42.20000076293945</ele>
        <time>2026-08-11T10:05:31Z</time>
        <extensions>
          <gpxtpx:TrackPointExtension>
            <gpxtpx:hr>148</gpxtpx:hr>
          </gpxtpx:TrackPointExtension>
        </extensions>
      </trkpt>
      <trkpt lat="35.70597100071609" lon="139.6652931254357">
        <ele>42.20000076293945</ele>
        <time>2026-08-11T10:05:32Z</time>
        <extensions>
          <gpxtpx:TrackPointExtension>
            <gpxtpx:hr>148</gpxtpx:hr>
          </gpxtpx:TrackPointExtension>
        </extensions>
      </trkpt>
      <trkpt lat="35.70594711229205" lon="139.6652954723686">
        <ele>42.20000076293945</ele>
        <time>2026-08-11T10:05:33Z</time>
        <extensions>
          <gpxtpx:TrackPointExtension>
            <gpxtpx:hr>148</gpxtpx:hr>
          </gpxtpx:TrackPointExtension>
        </extensions>
      </trkpt>
      <trkpt lat="35.705922804772854" lon="139.6652981545776">
        <ele>42.20000076293945</ele>
        <time>2026-08-11T10:05:34Z</time>
        <extensions>
          <gpxtpx:TrackPointExtension>
            <gpxtpx:hr>148</gpxtpx:hr>
          </gpxtpx:TrackPointExtension>
        </extensions>
      </trkpt>
      <trkpt lat="35.70590000599623" lon="139.665301842615">
        <ele>42.20000076293945</ele>
        <time>2026-08-11T10:05:35Z</time>
        <extensions>
          <gpxtpx:TrackPointExtension>
            <gpxtpx:hr>148</gpxtpx:hr>
          </gpxtpx:TrackPointExtension>
        </extensions>
      </trkpt>
      <trkpt lat="35.70587963797152" lon="139.6653055306524">
        <ele>42</ele>
        <time>2026-08-11T10:05:36Z</time>
        <extensions>
          <gpxtpx:TrackPointExtension>
            <gpxtpx:hr>148</gpxtpx:hr>
          </gpxtpx:TrackPointExtension>
        </extensions>
      </trkpt>
      <trkpt lat="35.70585675537586" lon="139.6653094701469">
        <ele>42</ele>
        <time>2026-08-11T10:05:37Z</time>
        <extensions>
          <gpxtpx:TrackPointExtension>
            <gpxtpx:hr>148</gpxtpx:hr>
          </gpxtpx:TrackPointExtension>
        </extensions>
      </trkpt>
      <trkpt lat="35.70583303458989" lon="139.6653142478317">
        <ele>42</ele>
        <time>2026-08-11T10:05:38Z</time>
        <extensions>
          <gpxtpx:TrackPointExtension>
            <gpxtpx:hr>148</gpxtpx:hr>
          </gpxtpx:TrackPointExtension>
        </extensions>
      </trkpt>
      <trkpt lat="35.7058082241565" lon="139.66531936079264">
        <ele>42</ele>
        <time>2026-08-11T10:05:39Z</time>
        <extensions>
          <gpxtpx:TrackPointExtension>
            <gpxtpx:hr>149</gpxtpx:hr>
          </gpxtpx:TrackPointExtension>
        </extensions>
      </trkpt>
      <trkpt lat="35.705783078446984" lon="139.6653253119439">
        <ele>42</ele>
        <time>2026-08-11T10:05:40Z</time>
        <extensions>
          <gpxtpx:TrackPointExtension>
            <gpxtpx:hr>149</gpxtpx:hr>
          </gpxtpx:TrackPointExtension>
        </extensions>
      </trkpt>
      <trkpt lat="35.70575600489974" lon="139.6653314307332">
        <ele>42</ele>
        <time>2026-08-11T10:05:41Z</time>
        <extensions>
          <gpxtpx:TrackPointExtension>
            <gpxtpx:hr>149</gpxtpx:hr>
          </gpxtpx:TrackPointExtension>
        </extensions>
      </trkpt>
      <trkpt lat="35.70572423748672" lon="139.66533687897027">
        <ele>42</ele>
        <time>2026-08-11T10:05:42Z</time>
        <extensions>
          <gpxtpx:TrackPointExtension>
            <gpxtpx:hr>150</gpxtpx:hr>
          </gpxtpx:TrackPointExtension>
        </extensions>
      </trkpt>
      <trkpt lat="35.70569238625467" lon="139.6653419919312">
        <ele>42</ele>
        <time>2026-08-11T10:05:43Z</time>
        <extensions>
          <gpxtpx:TrackPointExtension>
            <gpxtpx:hr>150</gpxtpx:hr>
          </gpxtpx:TrackPointExtension>
        </extensions>
      </trkpt>
      <trkpt lat="35.70565835572779" lon="139.6653477754444">
        <ele>42</ele>
        <time>2026-08-11T10:05:44Z</time>
        <extensions>
          <gpxtpx:TrackPointExtension>
            <gpxtpx:hr>150</gpxtpx:hr>
          </gpxtpx:TrackPointExtension>
        </extensions>
      </trkpt>
      <trkpt lat="35.70562600158155" lon="139.6653523016721">
        <ele>42.20000076293945</ele>
        <time>2026-08-11T10:05:45Z</time>
        <extensions>
          <gpxtpx:TrackPointExtension>
            <gpxtpx:hr>150</gpxtpx:hr>
          </gpxtpx:TrackPointExtension>
        </extensions>
      </trkpt>
      <trkpt lat="35.70559632964432" lon="139.66535565443337">
        <ele>42.20000076293945</ele>
        <time>2026-08-11T10:05:46Z</time>
        <extensions>
          <gpxtpx:TrackPointExtension>
            <gpxtpx:hr>150</gpxtpx:hr>
          </gpxtpx:TrackPointExtension>
        </extensions>
      </trkpt>
      <trkpt lat="35.70556875318289" lon="139.6653570793569">
        <ele>42.20000076293945</ele>
        <time>2026-08-11T10:05:47Z</time>
        <extensions>
          <gpxtpx:TrackPointExtension>
            <gpxtpx:hr>150</gpxtpx:hr>
          </gpxtpx:TrackPointExtension>
        </extensions>
      </trkpt>
      <trkpt lat="35.70554092526436" lon="139.66535716317594">
        <ele>42.20000076293945</ele>
        <time>2026-08-11T10:05:48Z</time>
        <extensions>
          <gpxtpx:TrackPointExtension>
            <gpxtpx:hr>150</gpxtpx:hr>
          </gpxtpx:TrackPointExtension>
        </extensions>
      </trkpt>
      <trkpt lat="35.70551259443164" lon="139.66536202467978">
        <ele>42.400001525878906</ele>
        <time>2026-08-11T10:05:49Z</time>
        <extensions>
          <gpxtpx:TrackPointExtension>
            <gpxtpx:hr>151</gpxtpx:hr>
          </gpxtpx:TrackPointExtension>
        </extensions>
      </trkpt>
      <trkpt lat="35.70547831244767" lon="139.665357330814">
        <ele>42.400001525878906</ele>
        <time>2026-08-11T10:05:50Z</time>
        <extensions>
          <gpxtpx:TrackPointExtension>
            <gpxtpx:hr>151</gpxtpx:hr>
          </gpxtpx:TrackPointExtension>
        </extensions>
      </trkpt>
      <trkpt lat="35.70545350201428" lon="139.6653536427766">
        <ele>42.400001525878906</ele>
        <time>2026-08-11T10:05:51Z</time>
        <extensions>
          <gpxtpx:TrackPointExtension>
            <gpxtpx:hr>152</gpxtpx:hr>
          </gpxtpx:TrackPointExtension>
        </extensions>
      </trkpt>
      <trkpt lat="35.70541938766837" lon="139.66535330750048">
        <ele>42.400001525878906</ele>
        <time>2026-08-11T10:05:52Z</time>
        <extensions>
          <gpxtpx:TrackPointExtension>
            <gpxtpx:hr>152</gpxtpx:hr>
          </gpxtpx:TrackPointExtension>
        </extensions>
      </trkpt>
      <trkpt lat="35.70538745261729" lon="139.6653615217656">
        <ele>42.400001525878906</ele>
        <time>2026-08-11T10:05:53Z</time>
        <extensions>
          <gpxtpx:TrackPointExtension>
            <gpxtpx:hr>152</gpxtpx:hr>
          </gpxtpx:TrackPointExtension>
        </extensions>
      </trkpt>
      <trkpt lat="35.70535635575652" lon="139.66537275351584">
        <ele>42.20000076293945</ele>
        <time>2026-08-11T10:05:54Z</time>
        <extensions>
          <gpxtpx:TrackPointExtension>
            <gpxtpx:hr>152</gpxtpx:hr>
          </gpxtpx:TrackPointExtension>
        </extensions>
      </trkpt>
      <trkpt lat="35.70532534271479" lon="139.66538147069514">
        <ele>42.20000076293945</ele>
        <time>2026-08-11T10:05:55Z</time>
        <extensions>
          <gpxtpx:TrackPointExtension>
            <gpxtpx:hr>152</gpxtpx:hr>
          </gpxtpx:TrackPointExtension>
        </extensions>
      </trkpt>
      <trkpt lat="35.70529282093048" lon="139.66539110988379">
        <ele>42.20000076293945</ele>
        <time>2026-08-11T10:05:56Z</time>
        <extensions>
          <gpxtpx:TrackPointExtension>
            <gpxtpx:hr>152</gpxtpx:hr>
          </gpxtpx:TrackPointExtension>
        </extensions>
      </trkpt>
      <trkpt lat="35.70526381954551" lon="139.6654009167105">
        <ele>42</ele>
        <time>2026-08-11T10:05:57Z</time>
        <extensions>
          <gpxtpx:TrackPointExtension>
            <gpxtpx:hr>152</gpxtpx:hr>
          </gpxtpx:TrackPointExtension>
        </extensions>
      </trkpt>
      <trkpt lat="35.70523557253182" lon="139.66540795750916">
        <ele>42</ele>
        <time>2026-08-11T10:05:58Z</time>
        <extensions>
          <gpxtpx:TrackPointExtension>
            <gpxtpx:hr>152</gpxtpx:hr>
          </gpxtpx:TrackPointExtension>
        </extensions>
      </trkpt>
      <trkpt lat="35.70520967245102" lon="139.6654133219272">
        <ele>42</ele>
        <time>2026-08-11T10:05:59Z</time>
        <extensions>
          <gpxtpx:TrackPointExtension>
            <gpxtpx:hr>153</gpxtpx:hr>
          </gpxtpx:TrackPointExtension>
        </extensions>
      </trkpt>
      <trkpt lat="35.70518243126571" lon="139.66541776433587">
        <ele>41.79999923706055</ele>
        <time>2026-08-11T10:06:00Z</time>
        <extensions>
          <gpxtpx:TrackPointExtension>
            <gpxtpx:hr>153</gpxtpx:hr>
          </gpxtpx:TrackPointExtension>
        </extensions>
      </trkpt>
      <trkpt lat="35.705155190080404" lon="139.66542329639196">
        <ele>41.79999923706055</ele>
        <time>2026-08-11T10:06:01Z</time>
        <extensions>
          <gpxtpx:TrackPointExtension>
            <gpxtpx:hr>153</gpxtpx:hr>
          </gpxtpx:TrackPointExtension>
        </extensions>
      </trkpt>
      <trkpt lat="35.705128284171224" lon="139.66542648151517">
        <ele>41.599998474121094</ele>
        <time>2026-08-11T10:06:02Z</time>
        <extensions>
          <gpxtpx:TrackPointExtension>
            <gpxtpx:hr>153</gpxtpx:hr>
          </gpxtpx:TrackPointExtension>
        </extensions>
      </trkpt>
      <trkpt lat="35.70510028861463" lon="139.66542933136225">
        <ele>41.599998474121094</ele>
        <time>2026-08-11T10:06:03Z</time>
        <extensions>
          <gpxtpx:TrackPointExtension>
            <gpxtpx:hr>153</gpxtpx:hr>
          </gpxtpx:TrackPointExtension>
        </extensions>
      </trkpt>
      <trkpt lat="35.70507388561964" lon="139.6654315944761">
        <ele>41.400001525878906</ele>
        <time>2026-08-11T10:06:04Z</time>
        <extensions>
          <gpxtpx:TrackPointExtension>
            <gpxtpx:hr>154</gpxtpx:hr>
          </gpxtpx:TrackPointExtension>
        </extensions>
      </trkpt>
      <trkpt lat="35.705046225339174" lon="139.6654318459332">
        <ele>41.20000076293945</ele>
        <time>2026-08-11T10:06:05Z</time>
        <extensions>
          <gpxtpx:TrackPointExtension>
            <gpxtpx:hr>154</gpxtpx:hr>
          </gpxtpx:TrackPointExtension>
        </extensions>
      </trkpt>
      <trkpt lat="35.705016469582915" lon="139.66543260030448">
        <ele>41.20000076293945</ele>
        <time>2026-08-11T10:06:06Z</time>
        <extensions>
          <gpxtpx:TrackPointExtension>
            <gpxtpx:hr>154</gpxtpx:hr>
          </gpxtpx:TrackPointExtension>
        </extensions>
      </trkpt>
      <trkpt lat="35.70498922839761" lon="139.66543377377093">
        <ele>41.400001525878906</ele>
        <time>2026-08-11T10:06:07Z</time>
        <extensions>
          <gpxtpx:TrackPointExtension>
            <gpxtpx:hr>154</gpxtpx:hr>
          </gpxtpx:TrackPointExtension>
        </extensions>
      </trkpt>
      <trkpt lat="35.70496533997357" lon="139.66543385758996">
        <ele>41.599998474121094</ele>
        <time>2026-08-11T10:06:08Z</time>
        <extensions>
          <gpxtpx:TrackPointExtension>
            <gpxtpx:hr>154</gpxtpx:hr>
          </gpxtpx:TrackPointExtension>
        </extensions>
      </trkpt>
      <trkpt lat="35.70494254119694" lon="139.66543729417026">
        <ele>41.599998474121094</ele>
        <time>2026-08-11T10:06:09Z</time>
        <extensions>
          <gpxtpx:TrackPointExtension>
            <gpxtpx:hr>154</gpxtpx:hr>
          </gpxtpx:TrackPointExtension>
        </extensions>
      </trkpt>
      <trkpt lat="35.704920161515474" lon="139.6654424071312">
        <ele>41.79999923706055</ele>
        <time>2026-08-11T10:06:10Z</time>
        <extensions>
          <gpxtpx:TrackPointExtension>
            <gpxtpx:hr>154</gpxtpx:hr>
          </gpxtpx:TrackPointExtension>
        </extensions>
      </trkpt>
      <trkpt lat="35.7048964407295" lon="139.66544517315924">
        <ele>41.79999923706055</ele>
        <time>2026-08-11T10:06:11Z</time>
        <extensions>
          <gpxtpx:TrackPointExtension>
            <gpxtpx:hr>154</gpxtpx:hr>
          </gpxtpx:TrackPointExtension>
        </extensions>
      </trkpt>
      <trkpt lat="35.70487607270479" lon="139.66544684953988">
        <ele>41.599998474121094</ele>
        <time>2026-08-11T10:06:12Z</time>
        <extensions>
          <gpxtpx:TrackPointExtension>
            <gpxtpx:hr>154</gpxtpx:hr>
          </gpxtpx:TrackPointExtension>
        </extensions>
      </trkpt>
      <trkpt lat="35.70485947653651" lon="139.6654485259205">
        <ele>41.599998474121094</ele>
        <time>2026-08-11T10:06:13Z</time>
        <extensions>
          <gpxtpx:TrackPointExtension>
            <gpxtpx:hr>154</gpxtpx:hr>
          </gpxtpx:TrackPointExtension>
        </extensions>
      </trkpt>
      <trkpt lat="35.70484505966306" lon="139.66545229777694">
        <ele>41.599998474121094</ele>
        <time>2026-08-11T10:06:14Z</time>
        <extensions>
          <gpxtpx:TrackPointExtension>
            <gpxtpx:hr>155</gpxtpx:hr>
          </gpxtpx:TrackPointExtension>
        </extensions>
      </trkpt>
      <trkpt lat="35.70483198389411" lon="139.66545682400465">
        <ele>41.599998474121094</ele>
        <time>2026-08-11T10:06:15Z</time>
        <extensions>
          <gpxtpx:TrackPointExtension>
            <gpxtpx:hr>154</gpxtpx:hr>
          </gpxtpx:TrackPointExtension>
        </extensions>
      </trkpt>
      <trkpt lat="35.70481731556356" lon="139.66545875184238">
        <ele>41.599998474121094</ele>
        <time>2026-08-11T10:06:16Z</time>
        <extensions>
          <gpxtpx:TrackPointExtension>
            <gpxtpx:hr>154</gpxtpx:hr>
          </gpxtpx:TrackPointExtension>
        </extensions>
      </trkpt>
      <trkpt lat="35.70479979738593" lon="139.66546160168946">
        <ele>41.599998474121094</ele>
        <time>2026-08-11T10:06:17Z</time>
        <extensions>
          <gpxtpx:TrackPointExtension>
            <gpxtpx:hr>154</gpxtpx:hr>
          </gpxtpx:TrackPointExtension>
        </extensions>
      </trkpt>
      <trkpt lat="35.70478714071214" lon="139.66546688228846">
        <ele>41.79999923706055</ele>
        <time>2026-08-11T10:06:18Z</time>
        <extensions>
          <gpxtpx:TrackPointExtension>
            <gpxtpx:hr>154</gpxtpx:hr>
          </gpxtpx:TrackPointExtension>
        </extensions>
      </trkpt>
      <trkpt lat="35.704808263108134" lon="139.66539571993053">
        <ele>42</ele>
        <time>2026-08-11T10:09:07Z</time>
        <extensions>
          <gpxtpx:TrackPointExtension>
            <gpxtpx:hr>130</gpxtpx:hr>
          </gpxtpx:TrackPointExtension>
        </extensions>
      </trkpt>
      <trkpt lat="35.704812202602625" lon="139.66540192253888">
        <ele>42</ele>
        <time>2026-08-11T10:09:08Z</time>
        <extensions>
          <gpxtpx:TrackPointExtension>
            <gpxtpx:hr>130</gpxtpx:hr>
          </gpxtpx:TrackPointExtension>
        </extensions>
      </trkpt>
      <trkpt lat="35.70481781847775" lon="139.66541022062302">
        <ele>42</ele>
        <time>2026-08-11T10:09:09Z</time>
        <extensions>
          <gpxtpx:TrackPointExtension>
            <gpxtpx:hr>131</gpxtpx:hr>
          </gpxtpx:TrackPointExtension>
        </extensions>
      </trkpt>
      <trkpt lat="35.704822931438684" lon="139.66542824171484">
        <ele>41.79999923706055</ele>
        <time>2026-08-11T10:09:10Z</time>
        <extensions>
          <gpxtpx:TrackPointExtension>
            <gpxtpx:hr>131</gpxtpx:hr>
          </gpxtpx:TrackPointExtension>
        </extensions>
      </trkpt>
      <trkpt lat="35.704827373847365" lon="139.6654400601983">
        <ele>41.599998474121094</ele>
        <time>2026-08-11T10:09:11Z</time>
        <extensions>
          <gpxtpx:TrackPointExtension>
            <gpxtpx:hr>131</gpxtpx:hr>
          </gpxtpx:TrackPointExtension>
        </extensions>
      </trkpt>
      <trkpt lat="35.704834330827" lon="139.66545389033854">
        <ele>41.400001525878906</ele>
        <time>2026-08-11T10:09:12Z</time>
        <extensions>
          <gpxtpx:TrackPointExtension>
            <gpxtpx:hr>132</gpxtpx:hr>
          </gpxtpx:TrackPointExtension>
        </extensions>
      </trkpt>
      <trkpt lat="35.70484505966306" lon="139.6654635295272">
        <ele>41.400001525878906</ele>
        <time>2026-08-11T10:09:13Z</time>
        <extensions>
          <gpxtpx:TrackPointExtension>
            <gpxtpx:hr>131</gpxtpx:hr>
          </gpxtpx:TrackPointExtension>
        </extensions>
      </trkpt>
      <trkpt lat="35.70485729724169" lon="139.66547165997326">
        <ele>41.400001525878906</ele>
        <time>2026-08-11T10:09:14Z</time>
        <extensions>
          <gpxtpx:TrackPointExtension>
            <gpxtpx:hr>131</gpxtpx:hr>
          </gpxtpx:TrackPointExtension>
        </extensions>
      </trkpt>
      <trkpt lat="35.70487221702933" lon="139.66548431664705">
        <ele>41.400001525878906</ele>
        <time>2026-08-11T10:09:15Z</time>
        <extensions>
          <gpxtpx:TrackPointExtension>
            <gpxtpx:hr>131</gpxtpx:hr>
          </gpxtpx:TrackPointExtension>
        </extensions>
      </trkpt>
      <trkpt lat="35.70488621480763" lon="139.66551583260298">
        <ele>41.599998474121094</ele>
        <time>2026-08-11T10:09:16Z</time>
        <extensions>
          <gpxtpx:TrackPointExtension>
            <gpxtpx:hr>132</gpxtpx:hr>
          </gpxtpx:TrackPointExtension>
        </extensions>
      </trkpt>
      <trkpt lat="35.70489903911948" lon="139.66555749066174">
        <ele>41.79999923706055</ele>
        <time>2026-08-11T10:09:17Z</time>
        <extensions>
          <gpxtpx:TrackPointExtension>
            <gpxtpx:hr>133</gpxtpx:hr>
          </gpxtpx:TrackPointExtension>
        </extensions>
      </trkpt>
      <trkpt lat="35.70490683428943" lon="139.66559998691082">
        <ele>41.79999923706055</ele>
        <time>2026-08-11T10:09:18Z</time>
        <extensions>
          <gpxtpx:TrackPointExtension>
            <gpxtpx:hr>133</gpxtpx:hr>
          </gpxtpx:TrackPointExtension>
        </extensions>
      </trkpt>
      <trkpt lat="35.70491555146873" lon="139.6656456682831">
        <ele>41.79999923706055</ele>
        <time>2026-08-11T10:09:19Z</time>
        <extensions>
          <gpxtpx:TrackPointExtension>
            <gpxtpx:hr>133</gpxtpx:hr>
          </gpxtpx:TrackPointExtension>
        </extensions>
      </trkpt>
      <trkpt lat="35.704922173172235" lon="139.66568782925606">
        <ele>41.599998474121094</ele>
        <time>2026-08-11T10:09:20Z</time>
        <extensions>
          <gpxtpx:TrackPointExtension>
            <gpxtpx:hr>133</gpxtpx:hr>
          </gpxtpx:TrackPointExtension>
        </extensions>
      </trkpt>
      <trkpt lat="35.70492636412382" lon="139.6657286491245">
        <ele>41.400001525878906</ele>
        <time>2026-08-11T10:09:21Z</time>
        <extensions>
          <gpxtpx:TrackPointExtension>
            <gpxtpx:hr>133</gpxtpx:hr>
          </gpxtpx:TrackPointExtension>
        </extensions>
      </trkpt>
      <trkpt lat="35.704931477084756" lon="139.66577273793519">
        <ele>41.20000076293945</ele>
        <time>2026-08-11T10:09:22Z</time>
        <extensions>
          <gpxtpx:TrackPointExtension>
            <gpxtpx:hr>133</gpxtpx:hr>
          </gpxtpx:TrackPointExtension>
        </extensions>
      </trkpt>
      <trkpt lat="35.70493399165571" lon="139.66581447981298">
        <ele>41.20000076293945</ele>
        <time>2026-08-11T10:09:23Z</time>
        <extensions>
          <gpxtpx:TrackPointExtension>
            <gpxtpx:hr>133</gpxtpx:hr>
          </gpxtpx:TrackPointExtension>
        </extensions>
      </trkpt>
      <trkpt lat="35.704934913665056" lon="139.665851527825">
        <ele>41.400001525878906</ele>
        <time>2026-08-11T10:09:24Z</time>
        <extensions>
          <gpxtpx:TrackPointExtension>
            <gpxtpx:hr>134</gpxtpx:hr>
          </gpxtpx:TrackPointExtension>
        </extensions>
      </trkpt>
      <trkpt lat="35.7049342431128" lon="139.66588865965605">
        <ele>41.599998474121094</ele>
        <time>2026-08-11T10:09:25Z</time>
        <extensions>
          <gpxtpx:TrackPointExtension>
            <gpxtpx:hr>135</gpxtpx:hr>
          </gpxtpx:TrackPointExtension>
        </extensions>
      </trkpt>
      <trkpt lat="35.7049342431128" lon="139.6659297309816">
        <ele>41.79999923706055</ele>
        <time>2026-08-11T10:09:26Z</time>
        <extensions>
          <gpxtpx:TrackPointExtension>
            <gpxtpx:hr>136</gpxtpx:hr>
          </gpxtpx:TrackPointExtension>
        </extensions>
      </trkpt>
      <trkpt lat="35.704930890351534" lon="139.66596535407007">
        <ele>42</ele>
        <time>2026-08-11T10:09:27Z</time>
        <extensions>
          <gpxtpx:TrackPointExtension>
            <gpxtpx:hr>136</gpxtpx:hr>
          </gpxtpx:TrackPointExtension>
        </extensions>
      </trkpt>
      <trkpt lat="35.70492669939995" lon="139.66598438099027">
        <ele>42</ele>
        <time>2026-08-11T10:09:28Z</time>
        <extensions>
          <gpxtpx:TrackPointExtension>
            <gpxtpx:hr>137</gpxtpx:hr>
          </gpxtpx:TrackPointExtension>
        </extensions>
      </trkpt>
      <trkpt lat="35.70492351427674" lon="139.66601044870913">
        <ele>41.79999923706055</ele>
        <time>2026-08-11T10:09:29Z</time>
        <extensions>
          <gpxtpx:TrackPointExtension>
            <gpxtpx:hr>138</gpxtpx:hr>
          </gpxtpx:TrackPointExtension>
        </extensions>
      </trkpt>
      <trkpt lat="35.704923598095775" lon="139.6660428866744">
        <ele>41.599998474121094</ele>
        <time>2026-08-11T10:09:30Z</time>
        <extensions>
          <gpxtpx:TrackPointExtension>
            <gpxtpx:hr>138</gpxtpx:hr>
          </gpxtpx:TrackPointExtension>
        </extensions>
      </trkpt>
      <trkpt lat="35.70492485538125" lon="139.6660777553916">
        <ele>41.400001525878906</ele>
        <time>2026-08-11T10:09:31Z</time>
        <extensions>
          <gpxtpx:TrackPointExtension>
            <gpxtpx:hr>139</gpxtpx:hr>
          </gpxtpx:TrackPointExtension>
        </extensions>
      </trkpt>
      <trkpt lat="35.70492887869477" lon="139.66611010953784">
        <ele>41.400001525878906</ele>
        <time>2026-08-11T10:09:32Z</time>
        <extensions>
          <gpxtpx:TrackPointExtension>
            <gpxtpx:hr>139</gpxtpx:hr>
          </gpxtpx:TrackPointExtension>
        </extensions>
      </trkpt>
      <trkpt lat="35.70493315346539" lon="139.6661472413689">
        <ele>41.400001525878906</ele>
        <time>2026-08-11T10:09:33Z</time>
        <extensions>
          <gpxtpx:TrackPointExtension>
            <gpxtpx:hr>138</gpxtpx:hr>
          </gpxtpx:TrackPointExtension>
        </extensions>
      </trkpt>
      <trkpt lat="35.70494128391147" lon="139.66618596576154">
        <ele>41.400001525878906</ele>
        <time>2026-08-11T10:09:34Z</time>
        <extensions>
          <gpxtpx:TrackPointExtension>
            <gpxtpx:hr>136</gpxtpx:hr>
          </gpxtpx:TrackPointExtension>
        </extensions>
      </trkpt>
      <trkpt lat="35.704953270033" lon="139.66622435487807">
        <ele>41.400001525878906</ele>
        <time>2026-08-11T10:09:35Z</time>
        <extensions>
          <gpxtpx:TrackPointExtension>
            <gpxtpx:hr>135</gpxtpx:hr>
          </gpxtpx:TrackPointExtension>
        </extensions>
      </trkpt>
      <trkpt lat="35.70496768690646" lon="139.66625570319593">
        <ele>41.400001525878906</ele>
        <time>2026-08-11T10:09:36Z</time>
        <extensions>
          <gpxtpx:TrackPointExtension>
            <gpxtpx:hr>135</gpxtpx:hr>
          </gpxtpx:TrackPointExtension>
        </extensions>
      </trkpt>
      <trkpt lat="35.70498646236956" lon="139.66628453694284">
        <ele>41.400001525878906</ele>
        <time>2026-08-11T10:09:37Z</time>
        <extensions>
          <gpxtpx:TrackPointExtension>
            <gpxtpx:hr>135</gpxtpx:hr>
          </gpxtpx:TrackPointExtension>
        </extensions>
      </trkpt>
      <trkpt lat="35.70500733330846" lon="139.66631001792848">
        <ele>41.400001525878906</ele>
        <time>2026-08-11T10:09:38Z</time>
        <extensions>
          <gpxtpx:TrackPointExtension>
            <gpxtpx:hr>135</gpxtpx:hr>
          </gpxtpx:TrackPointExtension>
        </extensions>
      </trkpt>
      <trkpt lat="35.70502342656255" lon="139.66633348725736">
        <ele>41.599998474121094</ele>
        <time>2026-08-11T10:09:39Z</time>
        <extensions>
          <gpxtpx:TrackPointExtension>
            <gpxtpx:hr>135</gpxtpx:hr>
          </gpxtpx:TrackPointExtension>
        </extensions>
      </trkpt>
      <trkpt lat="35.70503868162632" lon="139.66635804623365">
        <ele>41.79999923706055</ele>
        <time>2026-08-11T10:09:40Z</time>
        <extensions>
          <gpxtpx:TrackPointExtension>
            <gpxtpx:hr>136</gpxtpx:hr>
          </gpxtpx:TrackPointExtension>
        </extensions>
      </trkpt>
      <trkpt lat="35.705049242824316" lon="139.66637791134417">
        <ele>42</ele>
        <time>2026-08-11T10:09:41Z</time>
        <extensions>
          <gpxtpx:TrackPointExtension>
            <gpxtpx:hr>137</gpxtpx:hr>
          </gpxtpx:TrackPointExtension>
        </extensions>
      </trkpt>
      <trkpt lat="35.705057037994266" lon="139.6663943398744">
        <ele>42</ele>
        <time>2026-08-11T10:09:42Z</time>
        <extensions>
          <gpxtpx:TrackPointExtension>
            <gpxtpx:hr>137</gpxtpx:hr>
          </gpxtpx:TrackPointExtension>
        </extensions>
      </trkpt>
      <trkpt lat="35.70507304742932" lon="139.66639978811145">
        <ele>42</ele>
        <time>2026-08-11T10:09:43Z</time>
        <extensions>
          <gpxtpx:TrackPointExtension>
            <gpxtpx:hr>138</gpxtpx:hr>
          </gpxtpx:TrackPointExtension>
        </extensions>
      </trkpt>
      <trkpt lat="35.705096600577235" lon="139.66639928519726">
        <ele>42</ele>
        <time>2026-08-11T10:09:44Z</time>
        <extensions>
          <gpxtpx:TrackPointExtension>
            <gpxtpx:hr>139</gpxtpx:hr>
          </gpxtpx:TrackPointExtension>
        </extensions>
      </trkpt>
      <trkpt lat="35.7051279488951" lon="139.66639450751245">
        <ele>42</ele>
        <time>2026-08-11T10:09:45Z</time>
        <extensions>
          <gpxtpx:TrackPointExtension>
            <gpxtpx:hr>140</gpxtpx:hr>
          </gpxtpx:TrackPointExtension>
        </extensions>
      </trkpt>
      <trkpt lat="35.70515678264201" lon="139.66638838872313">
        <ele>42</ele>
        <time>2026-08-11T10:09:46Z</time>
        <extensions>
          <gpxtpx:TrackPointExtension>
            <gpxtpx:hr>140</gpxtpx:hr>
          </gpxtpx:TrackPointExtension>
        </extensions>
      </trkpt>
      <trkpt lat="35.7051863707602" lon="139.6663809288293">
        <ele>42</ele>
        <time>2026-08-11T10:09:47Z</time>
        <extensions>
          <gpxtpx:TrackPointExtension>
            <gpxtpx:hr>141</gpxtpx:hr>
          </gpxtpx:TrackPointExtension>
        </extensions>
      </trkpt>
      <trkpt lat="35.705215372145176" lon="139.66637548059225">
        <ele>42</ele>
        <time>2026-08-11T10:09:48Z</time>
        <extensions>
          <gpxtpx:TrackPointExtension>
            <gpxtpx:hr>141</gpxtpx:hr>
          </gpxtpx:TrackPointExtension>
        </extensions>
      </trkpt>
      <trkpt lat="35.70524487644434" lon="139.66637019999325">
        <ele>42.20000076293945</ele>
        <time>2026-08-11T10:09:49Z</time>
        <extensions>
          <gpxtpx:TrackPointExtension>
            <gpxtpx:hr>141</gpxtpx:hr>
          </gpxtpx:TrackPointExtension>
        </extensions>
      </trkpt>
      <trkpt lat="35.70527236908674" lon="139.6663690265268">
        <ele>42.20000076293945</ele>
        <time>2026-08-11T10:09:50Z</time>
        <extensions>
          <gpxtpx:TrackPointExtension>
            <gpxtpx:hr>142</gpxtpx:hr>
          </gpxtpx:TrackPointExtension>
        </extensions>
      </trkpt>
      <trkpt lat="35.70529910735786" lon="139.66637154109776">
        <ele>42.20000076293945</ele>
        <time>2026-08-11T10:09:51Z</time>
        <extensions>
          <gpxtpx:TrackPointExtension>
            <gpxtpx:hr>142</gpxtpx:hr>
          </gpxtpx:TrackPointExtension>
        </extensions>
      </trkpt>
      <trkpt lat="35.70532224141061" lon="139.66637757606804">
        <ele>42.400001525878906</ele>
        <time>2026-08-11T10:09:52Z</time>
        <extensions>
          <gpxtpx:TrackPointExtension>
            <gpxtpx:hr>143</gpxtpx:hr>
          </gpxtpx:TrackPointExtension>
        </extensions>
      </trkpt>
      <trkpt lat="35.70534612983465" lon="139.66638847254217">
        <ele>42.400001525878906</ele>
        <time>2026-08-11T10:09:53Z</time>
        <extensions>
          <gpxtpx:TrackPointExtension>
            <gpxtpx:hr>143</gpxtpx:hr>
          </gpxtpx:TrackPointExtension>
        </extensions>
      </trkpt>
      <trkpt lat="35.705367755144835" lon="139.66640305705369">
        <ele>42.599998474121094</ele>
        <time>2026-08-11T10:09:54Z</time>
        <extensions>
          <gpxtpx:TrackPointExtension>
            <gpxtpx:hr>143</gpxtpx:hr>
          </gpxtpx:TrackPointExtension>
        </extensions>
      </trkpt>
      <trkpt lat="35.705390302464366" lon="139.6664258558303">
        <ele>42.599998474121094</ele>
        <time>2026-08-11T10:09:55Z</time>
        <extensions>
          <gpxtpx:TrackPointExtension>
            <gpxtpx:hr>144</gpxtpx:hr>
          </gpxtpx:TrackPointExtension>
        </extensions>
      </trkpt>
      <trkpt lat="35.705410335212946" lon="139.66644815169275">
        <ele>42.79999923706055</ele>
        <time>2026-08-11T10:09:56Z</time>
        <extensions>
          <gpxtpx:TrackPointExtension>
            <gpxtpx:hr>144</gpxtpx:hr>
          </gpxtpx:TrackPointExtension>
        </extensions>
      </trkpt>
      <trkpt lat="35.70542139932513" lon="139.66647145338356">
        <ele>42.79999923706055</ele>
        <time>2026-08-11T10:09:57Z</time>
        <extensions>
          <gpxtpx:TrackPointExtension>
            <gpxtpx:hr>144</gpxtpx:hr>
          </gpxtpx:TrackPointExtension>
        </extensions>
      </trkpt>
      <trkpt lat="35.705430870875716" lon="139.6664976887405">
        <ele>43</ele>
        <time>2026-08-11T10:09:58Z</time>
        <extensions>
          <gpxtpx:TrackPointExtension>
            <gpxtpx:hr>144</gpxtpx:hr>
          </gpxtpx:TrackPointExtension>
        </extensions>
      </trkpt>
      <trkpt lat="35.70543799549341" lon="139.66652409173548">
        <ele>43.20000076293945</ele>
        <time>2026-08-11T10:09:59Z</time>
        <extensions>
          <gpxtpx:TrackPointExtension>
            <gpxtpx:hr>144</gpxtpx:hr>
          </gpxtpx:TrackPointExtension>
        </extensions>
      </trkpt>
      <trkpt lat="35.70544277317822" lon="139.66655175201595">
        <ele>43.400001525878906</ele>
        <time>2026-08-11T10:10:00Z</time>
        <extensions>
          <gpxtpx:TrackPointExtension>
            <gpxtpx:hr>145</gpxtpx:hr>
          </gpxtpx:TrackPointExtension>
        </extensions>
      </trkpt>
      <trkpt lat="35.70544344373047" lon="139.66658343560994">
        <ele>43.599998474121094</ele>
        <time>2026-08-11T10:10:01Z</time>
        <extensions>
          <gpxtpx:TrackPointExtension>
            <gpxtpx:hr>145</gpxtpx:hr>
          </gpxtpx:TrackPointExtension>
        </extensions>
      </trkpt>
      <trkpt lat="35.705442605540156" lon="139.6666115988046">
        <ele>44</ele>
        <time>2026-08-11T10:10:02Z</time>
        <extensions>
          <gpxtpx:TrackPointExtension>
            <gpxtpx:hr>146</gpxtpx:hr>
          </gpxtpx:TrackPointExtension>
        </extensions>
      </trkpt>
      <trkpt lat="35.70544243790209" lon="139.66663967818022">
        <ele>44.20000076293945</ele>
        <time>2026-08-11T10:10:03Z</time>
        <extensions>
          <gpxtpx:TrackPointExtension>
            <gpxtpx:hr>146</gpxtpx:hr>
          </gpxtpx:TrackPointExtension>
        </extensions>
      </trkpt>
      <trkpt lat="35.70544118061662" lon="139.66666616499424">
        <ele>44.400001525878906</ele>
        <time>2026-08-11T10:10:04Z</time>
        <extensions>
          <gpxtpx:TrackPointExtension>
            <gpxtpx:hr>147</gpxtpx:hr>
          </gpxtpx:TrackPointExtension>
        </extensions>
      </trkpt>
      <trkpt lat="35.705442186445" lon="139.66669667512178">
        <ele>44.599998474121094</ele>
        <time>2026-08-11T10:10:05Z</time>
        <extensions>
          <gpxtpx:TrackPointExtension>
            <gpxtpx:hr>147</gpxtpx:hr>
          </gpxtpx:TrackPointExtension>
        </extensions>
      </trkpt>
      <trkpt lat="35.70544428192079" lon="139.6667250059545">
        <ele>44.599998474121094</ele>
        <time>2026-08-11T10:10:06Z</time>
        <extensions>
          <gpxtpx:TrackPointExtension>
            <gpxtpx:hr>147</gpxtpx:hr>
          </gpxtpx:TrackPointExtension>
        </extensions>
      </trkpt>
      <trkpt lat="35.705446377396584" lon="139.6667550969869">
        <ele>45</ele>
        <time>2026-08-11T10:10:07Z</time>
        <extensions>
          <gpxtpx:TrackPointExtension>
            <gpxtpx:hr>148</gpxtpx:hr>
          </gpxtpx:TrackPointExtension>
        </extensions>
      </trkpt>
      <trkpt lat="35.70544914342463" lon="139.66678359545767">
        <ele>45.20000076293945</ele>
        <time>2026-08-11T10:10:08Z</time>
        <extensions>
          <gpxtpx:TrackPointExtension>
            <gpxtpx:hr>149</gpxtpx:hr>
          </gpxtpx:TrackPointExtension>
        </extensions>
      </trkpt>
      <trkpt lat="35.705453837290406" lon="139.66681242920458">
        <ele>45.599998474121094</ele>
        <time>2026-08-11T10:10:09Z</time>
        <extensions>
          <gpxtpx:TrackPointExtension>
            <gpxtpx:hr>149</gpxtpx:hr>
          </gpxtpx:TrackPointExtension>
        </extensions>
      </trkpt>
      <trkpt lat="35.70545760914683" lon="139.66684143058956">
        <ele>46</ele>
        <time>2026-08-11T10:10:10Z</time>
        <extensions>
          <gpxtpx:TrackPointExtension>
            <gpxtpx:hr>150</gpxtpx:hr>
          </gpxtpx:TrackPointExtension>
        </extensions>
      </trkpt>
      <trkpt lat="35.70545995607972" lon="139.66687026433647">
        <ele>46.400001525878906</ele>
        <time>2026-08-11T10:10:11Z</time>
        <extensions>
          <gpxtpx:TrackPointExtension>
            <gpxtpx:hr>151</gpxtpx:hr>
          </gpxtpx:TrackPointExtension>
        </extensions>
      </trkpt>
      <trkpt lat="35.70546079427004" lon="139.66689842753112">
        <ele>46.79999923706055</ele>
        <time>2026-08-11T10:10:12Z</time>
        <extensions>
          <gpxtpx:TrackPointExtension>
            <gpxtpx:hr>151</gpxtpx:hr>
          </gpxtpx:TrackPointExtension>
        </extensions>
      </trkpt>
      <trkpt lat="35.70546171627939" lon="139.6669234894216">
        <ele>47</ele>
        <time>2026-08-11T10:10:13Z</time>
        <extensions>
          <gpxtpx:TrackPointExtension>
            <gpxtpx:hr>152</gpxtpx:hr>
          </gpxtpx:TrackPointExtension>
        </extensions>
      </trkpt>
      <trkpt lat="35.70546138100326" lon="139.66694955714047">
        <ele>47.400001525878906</ele>
        <time>2026-08-11T10:10:14Z</time>
        <extensions>
          <gpxtpx:TrackPointExtension>
            <gpxtpx:hr>152</gpxtpx:hr>
          </gpxtpx:TrackPointExtension>
        </extensions>
      </trkpt>
      <trkpt lat="35.70546079427004" lon="139.6669766306877">
        <ele>47.79999923706055</ele>
        <time>2026-08-11T10:10:15Z</time>
        <extensions>
          <gpxtpx:TrackPointExtension>
            <gpxtpx:hr>153</gpxtpx:hr>
          </gpxtpx:TrackPointExtension>
        </extensions>
      </trkpt>
      <trkpt lat="35.70546171627939" lon="139.66700286604464">
        <ele>48</ele>
        <time>2026-08-11T10:10:16Z</time>
        <extensions>
          <gpxtpx:TrackPointExtension>
            <gpxtpx:hr>154</gpxtpx:hr>
          </gpxtpx:TrackPointExtension>
        </extensions>
      </trkpt>
      <trkpt lat="35.705464566126466" lon="139.66703111305833">
        <ele>48.20000076293945</ele>
        <time>2026-08-11T10:10:17Z</time>
        <extensions>
          <gpxtpx:TrackPointExtension>
            <gpxtpx:hr>154</gpxtpx:hr>
          </gpxtpx:TrackPointExtension>
        </extensions>
      </trkpt>
      <trkpt lat="35.70546766743064" lon="139.6670598629862">
        <ele>48.599998474121094</ele>
        <time>2026-08-11T10:10:18Z</time>
        <extensions>
          <gpxtpx:TrackPointExtension>
            <gpxtpx:hr>155</gpxtpx:hr>
          </gpxtpx:TrackPointExtension>
        </extensions>
      </trkpt>
      <trkpt lat="35.70546951144934" lon="139.667088361457">
        <ele>48.599998474121094</ele>
        <time>2026-08-11T10:10:19Z</time>
        <extensions>
          <gpxtpx:TrackPointExtension>
            <gpxtpx:hr>155</gpxtpx:hr>
          </gpxtpx:TrackPointExtension>
        </extensions>
      </trkpt>
      <trkpt lat="35.705470349639654" lon="139.66711862012744">
        <ele>48.79999923706055</ele>
        <time>2026-08-11T10:10:20Z</time>
        <extensions>
          <gpxtpx:TrackPointExtension>
            <gpxtpx:hr>156</gpxtpx:hr>
          </gpxtpx:TrackPointExtension>
        </extensions>
      </trkpt>
      <trkpt lat="35.70547160692513" lon="139.66714795678854">
        <ele>48.79999923706055</ele>
        <time>2026-08-11T10:10:21Z</time>
        <extensions>
          <gpxtpx:TrackPointExtension>
            <gpxtpx:hr>156</gpxtpx:hr>
          </gpxtpx:TrackPointExtension>
        </extensions>
      </trkpt>
      <trkpt lat="35.70547210983932" lon="139.66717913746834">
        <ele>48.79999923706055</ele>
        <time>2026-08-11T10:10:22Z</time>
        <extensions>
          <gpxtpx:TrackPointExtension>
            <gpxtpx:hr>156</gpxtpx:hr>
          </gpxtpx:TrackPointExtension>
        </extensions>
      </trkpt>
      <trkpt lat="35.70547294802964" lon="139.66721333563328">
        <ele>48.79999923706055</ele>
        <time>2026-08-11T10:10:23Z</time>
        <extensions>
          <gpxtpx:TrackPointExtension>
            <gpxtpx:hr>156</gpxtpx:hr>
          </gpxtpx:TrackPointExtension>
        </extensions>
      </trkpt>
      <trkpt lat="35.705472277477384" lon="139.6672446001321">
        <ele>48.599998474121094</ele>
        <time>2026-08-11T10:10:24Z</time>
        <extensions>
          <gpxtpx:TrackPointExtension>
            <gpxtpx:hr>156</gpxtpx:hr>
          </gpxtpx:TrackPointExtension>
        </extensions>
      </trkpt>
      <trkpt lat="35.70547169074416" lon="139.6672736853361">
        <ele>48.599998474121094</ele>
        <time>2026-08-11T10:10:25Z</time>
        <extensions>
          <gpxtpx:TrackPointExtension>
            <gpxtpx:hr>156</gpxtpx:hr>
          </gpxtpx:TrackPointExtension>
        </extensions>
      </trkpt>
      <trkpt lat="35.70547194220126" lon="139.6673072129488">
        <ele>48.400001525878906</ele>
        <time>2026-08-11T10:10:26Z</time>
        <extensions>
          <gpxtpx:TrackPointExtension>
            <gpxtpx:hr>157</gpxtpx:hr>
          </gpxtpx:TrackPointExtension>
        </extensions>
      </trkpt>
      <trkpt lat="35.70547252893448" lon="139.66733914799988">
        <ele>48.20000076293945</ele>
        <time>2026-08-11T10:10:27Z</time>
        <extensions>
          <gpxtpx:TrackPointExtension>
            <gpxtpx:hr>157</gpxtpx:hr>
          </gpxtpx:TrackPointExtension>
        </extensions>
      </trkpt>
      <trkpt lat="35.70547588169575" lon="139.66736806556582">
        <ele>48.20000076293945</ele>
        <time>2026-08-11T10:10:28Z</time>
        <extensions>
          <gpxtpx:TrackPointExtension>
            <gpxtpx:hr>157</gpxtpx:hr>
          </gpxtpx:TrackPointExtension>
        </extensions>
      </trkpt>
      <trkpt lat="35.705479653552175" lon="139.6673968154937">
        <ele>48.20000076293945</ele>
        <time>2026-08-11T10:10:29Z</time>
        <extensions>
          <gpxtpx:TrackPointExtension>
            <gpxtpx:hr>157</gpxtpx:hr>
          </gpxtpx:TrackPointExtension>
        </extensions>
      </trkpt>
      <trkpt lat="35.70548250339925" lon="139.66742757707834">
        <ele>48</ele>
        <time>2026-08-11T10:10:30Z</time>
        <extensions>
          <gpxtpx:TrackPointExtension>
            <gpxtpx:hr>157</gpxtpx:hr>
          </gpxtpx:TrackPointExtension>
        </extensions>
      </trkpt>
      <trkpt lat="35.70548493415117" lon="139.66746009886265">
        <ele>48.20000076293945</ele>
        <time>2026-08-11T10:10:31Z</time>
        <extensions>
          <gpxtpx:TrackPointExtension>
            <gpxtpx:hr>157</gpxtpx:hr>
          </gpxtpx:TrackPointExtension>
        </extensions>
      </trkpt>
      <trkpt lat="35.70548485033214" lon="139.66749136336148">
        <ele>48</ele>
        <time>2026-08-11T10:10:32Z</time>
        <extensions>
          <gpxtpx:TrackPointExtension>
            <gpxtpx:hr>157</gpxtpx:hr>
          </gpxtpx:TrackPointExtension>
        </extensions>
      </trkpt>
      <trkpt lat="35.70548417977989" lon="139.66752271167934">
        <ele>48</ele>
        <time>2026-08-11T10:10:33Z</time>
        <extensions>
          <gpxtpx:TrackPointExtension>
            <gpxtpx:hr>157</gpxtpx:hr>
          </gpxtpx:TrackPointExtension>
        </extensions>
      </trkpt>
      <trkpt lat="35.70548443123698" lon="139.6675551496446">
        <ele>48</ele>
        <time>2026-08-11T10:10:34Z</time>
        <extensions>
          <gpxtpx:TrackPointExtension>
            <gpxtpx:hr>156</gpxtpx:hr>
          </gpxtpx:TrackPointExtension>
        </extensions>
      </trkpt>
      <trkpt lat="35.70548376068473" lon="139.66758716851473">
        <ele>48</ele>
        <time>2026-08-11T10:10:35Z</time>
        <extensions>
          <gpxtpx:TrackPointExtension>
            <gpxtpx:hr>156</gpxtpx:hr>
          </gpxtpx:TrackPointExtension>
        </extensions>
      </trkpt>
      <trkpt lat="35.70548283867538" lon="139.66761885210872">
        <ele>48</ele>
        <time>2026-08-11T10:10:36Z</time>
        <extensions>
          <gpxtpx:TrackPointExtension>
            <gpxtpx:hr>156</gpxtpx:hr>
          </gpxtpx:TrackPointExtension>
        </extensions>
      </trkpt>
      <trkpt lat="35.705481665208936" lon="139.6676510386169">
        <ele>48.20000076293945</ele>
        <time>2026-08-11T10:10:37Z</time>
        <extensions>
          <gpxtpx:TrackPointExtension>
            <gpxtpx:hr>157</gpxtpx:hr>
          </gpxtpx:TrackPointExtension>
        </extensions>
      </trkpt>
      <trkpt lat="35.70547990500927" lon="139.66768339276314">
        <ele>48.20000076293945</ele>
        <time>2026-08-11T10:10:38Z</time>
        <extensions>
          <gpxtpx:TrackPointExtension>
            <gpxtpx:hr>157</gpxtpx:hr>
          </gpxtpx:TrackPointExtension>
        </extensions>
      </trkpt>
      <trkpt lat="35.70547739043832" lon="139.6677149925381">
        <ele>48.20000076293945</ele>
        <time>2026-08-11T10:10:39Z</time>
        <extensions>
          <gpxtpx:TrackPointExtension>
            <gpxtpx:hr>157</gpxtpx:hr>
          </gpxtpx:TrackPointExtension>
        </extensions>
      </trkpt>
      <trkpt lat="35.705475797876716" lon="139.66774533502758">
        <ele>48.400001525878906</ele>
        <time>2026-08-11T10:10:40Z</time>
        <extensions>
          <gpxtpx:TrackPointExtension>
            <gpxtpx:hr>157</gpxtpx:hr>
          </gpxtpx:TrackPointExtension>
        </extensions>
      </trkpt>
      <trkpt lat="35.70547252893448" lon="139.66777643188834">
        <ele>48.400001525878906</ele>
        <time>2026-08-11T10:10:41Z</time>
        <extensions>
          <gpxtpx:TrackPointExtension>
            <gpxtpx:hr>157</gpxtpx:hr>
          </gpxtpx:TrackPointExtension>
        </extensions>
      </trkpt>
      <trkpt lat="35.70546758361161" lon="139.66780543327332">
        <ele>48.400001525878906</ele>
        <time>2026-08-11T10:10:42Z</time>
        <extensions>
          <gpxtpx:TrackPointExtension>
            <gpxtpx:hr>158</gpxtpx:hr>
          </gpxtpx:TrackPointExtension>
        </extensions>
      </trkpt>
      <trkpt lat="35.70546272210777" lon="139.66783166863024">
        <ele>48.400001525878906</ele>
        <time>2026-08-11T10:10:43Z</time>
        <extensions>
          <gpxtpx:TrackPointExtension>
            <gpxtpx:hr>158</gpxtpx:hr>
          </gpxtpx:TrackPointExtension>
        </extensions>
      </trkpt>
      <trkpt lat="35.70545744150877" lon="139.66785698197782">
        <ele>48.400001525878906</ele>
        <time>2026-08-11T10:10:44Z</time>
        <extensions>
          <gpxtpx:TrackPointExtension>
            <gpxtpx:hr>158</gpxtpx:hr>
          </gpxtpx:TrackPointExtension>
        </extensions>
      </trkpt>
      <trkpt lat="35.70545107126236" lon="139.66788162477314">
        <ele>48.400001525878906</ele>
        <time>2026-08-11T10:10:45Z</time>
        <extensions>
          <gpxtpx:TrackPointExtension>
            <gpxtpx:hr>157</gpxtpx:hr>
          </gpxtpx:TrackPointExtension>
        </extensions>
      </trkpt>
      <trkpt lat="35.705444952473044" lon="139.66790886595845">
        <ele>48.400001525878906</ele>
        <time>2026-08-11T10:10:46Z</time>
        <extensions>
          <gpxtpx:TrackPointExtension>
            <gpxtpx:hr>158</gpxtpx:hr>
          </gpxtpx:TrackPointExtension>
        </extensions>
      </trkpt>
      <trkpt lat="35.705438582226634" lon="139.66793954372406">
        <ele>48.400001525878906</ele>
        <time>2026-08-11T10:10:47Z</time>
        <extensions>
          <gpxtpx:TrackPointExtension>
            <gpxtpx:hr>158</gpxtpx:hr>
          </gpxtpx:TrackPointExtension>
        </extensions>
      </trkpt>
      <trkpt lat="35.705432798713446" lon="139.6679698023945">
        <ele>48.400001525878906</ele>
        <time>2026-08-11T10:10:48Z</time>
        <extensions>
          <gpxtpx:TrackPointExtension>
            <gpxtpx:hr>158</gpxtpx:hr>
          </gpxtpx:TrackPointExtension>
        </extensions>
      </trkpt>
      <trkpt lat="35.70542751811445" lon="139.66800207272172">
        <ele>48.599998474121094</ele>
        <time>2026-08-11T10:10:49Z</time>
        <extensions>
          <gpxtpx:TrackPointExtension>
            <gpxtpx:hr>157</gpxtpx:hr>
          </gpxtpx:TrackPointExtension>
        </extensions>
      </trkpt>
      <trkpt lat="35.705423494800925" lon="139.66803207993507">
        <ele>48.79999923706055</ele>
        <time>2026-08-11T10:10:50Z</time>
        <extensions>
          <gpxtpx:TrackPointExtension>
            <gpxtpx:hr>158</gpxtpx:hr>
          </gpxtpx:TrackPointExtension>
        </extensions>
      </trkpt>
      <trkpt lat="35.70541980676353" lon="139.66806233860552">
        <ele>48.79999923706055</ele>
        <time>2026-08-11T10:10:51Z</time>
        <extensions>
          <gpxtpx:TrackPointExtension>
            <gpxtpx:hr>158</gpxtpx:hr>
          </gpxtpx:TrackPointExtension>
        </extensions>
      </trkpt>
      <trkpt lat="35.70541771128774" lon="139.6680921781808">
        <ele>48.79999923706055</ele>
        <time>2026-08-11T10:10:52Z</time>
        <extensions>
          <gpxtpx:TrackPointExtension>
            <gpxtpx:hr>157</gpxtpx:hr>
          </gpxtpx:TrackPointExtension>
        </extensions>
      </trkpt>
      <trkpt lat="35.70541695691645" lon="139.6681257057935">
        <ele>49</ele>
        <time>2026-08-11T10:10:53Z</time>
        <extensions>
          <gpxtpx:TrackPointExtension>
            <gpxtpx:hr>157</gpxtpx:hr>
          </gpxtpx:TrackPointExtension>
        </extensions>
      </trkpt>
      <trkpt lat="35.705415112897754" lon="139.66815705411136">
        <ele>49</ele>
        <time>2026-08-11T10:10:54Z</time>
        <extensions>
          <gpxtpx:TrackPointExtension>
            <gpxtpx:hr>157</gpxtpx:hr>
          </gpxtpx:TrackPointExtension>
        </extensions>
      </trkpt>
      <trkpt lat="35.705409832298756" lon="139.66818982735276">
        <ele>49</ele>
        <time>2026-08-11T10:10:55Z</time>
        <extensions>
          <gpxtpx:TrackPointExtension>
            <gpxtpx:hr>157</gpxtpx:hr>
          </gpxtpx:TrackPointExtension>
        </extensions>
      </trkpt>
      <trkpt lat="35.70540463551879" lon="139.66822025366127">
        <ele>49</ele>
        <time>2026-08-11T10:10:56Z</time>
        <extensions>
          <gpxtpx:TrackPointExtension>
            <gpxtpx:hr>158</gpxtpx:hr>
          </gpxtpx:TrackPointExtension>
        </extensions>
      </trkpt>
      <trkpt lat="35.7054004445672" lon="139.6682506799698">
        <ele>49</ele>
        <time>2026-08-11T10:10:57Z</time>
        <extensions>
          <gpxtpx:TrackPointExtension>
            <gpxtpx:hr>157</gpxtpx:hr>
          </gpxtpx:TrackPointExtension>
        </extensions>
      </trkpt>
      <trkpt lat="35.70539650507271" lon="139.66828077100217">
        <ele>49.20000076293945</ele>
        <time>2026-08-11T10:10:58Z</time>
        <extensions>
          <gpxtpx:TrackPointExtension>
            <gpxtpx:hr>157</gpxtpx:hr>
          </gpxtpx:TrackPointExtension>
        </extensions>
      </trkpt>
      <trkpt lat="35.70539231412113" lon="139.668312035501">
        <ele>49.20000076293945</ele>
        <time>2026-08-11T10:10:59Z</time>
        <extensions>
          <gpxtpx:TrackPointExtension>
            <gpxtpx:hr>156</gpxtpx:hr>
          </gpxtpx:TrackPointExtension>
        </extensions>
      </trkpt>
      <trkpt lat="35.70538862608373" lon="139.6683439705521">
        <ele>49.20000076293945</ele>
        <time>2026-08-11T10:11:00Z</time>
        <extensions>
          <gpxtpx:TrackPointExtension>
            <gpxtpx:hr>156</gpxtpx:hr>
          </gpxtpx:TrackPointExtension>
        </extensions>
      </trkpt>
      <trkpt lat="35.7053835131228" lon="139.66837565414608">
        <ele>49.20000076293945</ele>
        <time>2026-08-11T10:11:01Z</time>
        <extensions>
          <gpxtpx:TrackPointExtension>
            <gpxtpx:hr>156</gpxtpx:hr>
          </gpxtpx:TrackPointExtension>
        </extensions>
      </trkpt>
      <trkpt lat="35.70537772960961" lon="139.66840884648263">
        <ele>49.20000076293945</ele>
        <time>2026-08-11T10:11:02Z</time>
        <extensions>
          <gpxtpx:TrackPointExtension>
            <gpxtpx:hr>156</gpxtpx:hr>
          </gpxtpx:TrackPointExtension>
        </extensions>
      </trkpt>
      <trkpt lat="35.70537228137255" lon="139.6684431284666">
        <ele>49.20000076293945</ele>
        <time>2026-08-11T10:11:03Z</time>
        <extensions>
          <gpxtpx:TrackPointExtension>
            <gpxtpx:hr>156</gpxtpx:hr>
          </gpxtpx:TrackPointExtension>
        </extensions>
      </trkpt>
      <trkpt lat="35.7053660787642" lon="139.66847766190767">
        <ele>49.20000076293945</ele>
        <time>2026-08-11T10:11:04Z</time>
        <extensions>
          <gpxtpx:TrackPointExtension>
            <gpxtpx:hr>156</gpxtpx:hr>
          </gpxtpx:TrackPointExtension>
        </extensions>
      </trkpt>
      <trkpt lat="35.7053592056036" lon="139.66851294972003">
        <ele>49.20000076293945</ele>
        <time>2026-08-11T10:11:05Z</time>
        <extensions>
          <gpxtpx:TrackPointExtension>
            <gpxtpx:hr>156</gpxtpx:hr>
          </gpxtpx:TrackPointExtension>
        </extensions>
      </trkpt>
      <trkpt lat="35.705352667719126" lon="139.66854572296143">
        <ele>49</ele>
        <time>2026-08-11T10:11:06Z</time>
        <extensions>
          <gpxtpx:TrackPointExtension>
            <gpxtpx:hr>156</gpxtpx:hr>
          </gpxtpx:TrackPointExtension>
        </extensions>
      </trkpt>
      <trkpt lat="35.70535032078624" lon="139.66857464052737">
        <ele>49</ele>
        <time>2026-08-11T10:11:07Z</time>
        <extensions>
          <gpxtpx:TrackPointExtension>
            <gpxtpx:hr>156</gpxtpx:hr>
          </gpxtpx:TrackPointExtension>
        </extensions>
      </trkpt>
      <trkpt lat="35.70534805767238" lon="139.6686043124646">
        <ele>49</ele>
        <time>2026-08-11T10:11:08Z</time>
        <extensions>
          <gpxtpx:TrackPointExtension>
            <gpxtpx:hr>156</gpxtpx:hr>
          </gpxtpx:TrackPointExtension>
        </extensions>
      </trkpt>
      <trkpt lat="35.70534654892981" lon="139.6686354931444">
        <ele>49</ele>
        <time>2026-08-11T10:11:09Z</time>
        <extensions>
          <gpxtpx:TrackPointExtension>
            <gpxtpx:hr>156</gpxtpx:hr>
          </gpxtpx:TrackPointExtension>
        </extensions>
      </trkpt>
      <trkpt lat="35.70534512400627" lon="139.66866474598646">
        <ele>49</ele>
        <time>2026-08-11T10:11:10Z</time>
        <extensions>
          <gpxtpx:TrackPointExtension>
            <gpxtpx:hr>156</gpxtpx:hr>
          </gpxtpx:TrackPointExtension>
        </extensions>
      </trkpt>
      <trkpt lat="35.70534244179726" lon="139.66869466938078">
        <ele>48.79999923706055</ele>
        <time>2026-08-11T10:11:11Z</time>
        <extensions>
          <gpxtpx:TrackPointExtension>
            <gpxtpx:hr>156</gpxtpx:hr>
          </gpxtpx:TrackPointExtension>
        </extensions>
      </trkpt>
      <trkpt lat="35.705339005216956" lon="139.6687266882509">
        <ele>48.599998474121094</ele>
        <time>2026-08-11T10:11:12Z</time>
        <extensions>
          <gpxtpx:TrackPointExtension>
            <gpxtpx:hr>156</gpxtpx:hr>
          </gpxtpx:TrackPointExtension>
        </extensions>
      </trkpt>
      <trkpt lat="35.705334562808275" lon="139.66875887475908">
        <ele>48.599998474121094</ele>
        <time>2026-08-11T10:11:13Z</time>
        <extensions>
          <gpxtpx:TrackPointExtension>
            <gpxtpx:hr>155</gpxtpx:hr>
          </gpxtpx:TrackPointExtension>
        </extensions>
      </trkpt>
      <trkpt lat="35.70532794110477" lon="139.66879181563854">
        <ele>48.400001525878906</ele>
        <time>2026-08-11T10:11:14Z</time>
        <extensions>
          <gpxtpx:TrackPointExtension>
            <gpxtpx:hr>155</gpxtpx:hr>
          </gpxtpx:TrackPointExtension>
        </extensions>
      </trkpt>
      <trkpt lat="35.705320313572884" lon="139.66882257722318">
        <ele>48.20000076293945</ele>
        <time>2026-08-11T10:11:15Z</time>
        <extensions>
          <gpxtpx:TrackPointExtension>
            <gpxtpx:hr>155</gpxtpx:hr>
          </gpxtpx:TrackPointExtension>
        </extensions>
      </trkpt>
      <trkpt lat="35.705313608050346" lon="139.66885258443654">
        <ele>48.20000076293945</ele>
        <time>2026-08-11T10:11:16Z</time>
        <extensions>
          <gpxtpx:TrackPointExtension>
            <gpxtpx:hr>154</gpxtpx:hr>
          </gpxtpx:TrackPointExtension>
        </extensions>
      </trkpt>
      <trkpt lat="35.705307237803936" lon="139.66888217255473">
        <ele>48.20000076293945</ele>
        <time>2026-08-11T10:11:17Z</time>
        <extensions>
          <gpxtpx:TrackPointExtension>
            <gpxtpx:hr>154</gpxtpx:hr>
          </gpxtpx:TrackPointExtension>
        </extensions>
      </trkpt>
      <trkpt lat="35.70530111901462" lon="139.66891050338745">
        <ele>48</ele>
        <time>2026-08-11T10:11:18Z</time>
        <extensions>
          <gpxtpx:TrackPointExtension>
            <gpxtpx:hr>154</gpxtpx:hr>
          </gpxtpx:TrackPointExtension>
        </extensions>
      </trkpt>
      <trkpt lat="35.70529424585402" lon="139.66893950477242">
        <ele>47.79999923706055</ele>
        <time>2026-08-11T10:11:19Z</time>
        <extensions>
          <gpxtpx:TrackPointExtension>
            <gpxtpx:hr>154</gpxtpx:hr>
          </gpxtpx:TrackPointExtension>
        </extensions>
      </trkpt>
      <trkpt lat="35.70528754033148" lon="139.66896791942418">
        <ele>47.79999923706055</ele>
        <time>2026-08-11T10:11:20Z</time>
        <extensions>
          <gpxtpx:TrackPointExtension>
            <gpxtpx:hr>154</gpxtpx:hr>
          </gpxtpx:TrackPointExtension>
        </extensions>
      </trkpt>
      <trkpt lat="35.70528091862798" lon="139.66899801045656">
        <ele>47.599998474121094</ele>
        <time>2026-08-11T10:11:21Z</time>
        <extensions>
          <gpxtpx:TrackPointExtension>
            <gpxtpx:hr>154</gpxtpx:hr>
          </gpxtpx:TrackPointExtension>
        </extensions>
      </trkpt>
      <trkpt lat="35.70527563802898" lon="139.66902944259346">
        <ele>47.599998474121094</ele>
        <time>2026-08-11T10:11:22Z</time>
        <extensions>
          <gpxtpx:TrackPointExtension>
            <gpxtpx:hr>154</gpxtpx:hr>
          </gpxtpx:TrackPointExtension>
        </extensions>
      </trkpt>
      <trkpt lat="35.705272033810616" lon="139.6690622996539">
        <ele>47.400001525878906</ele>
        <time>2026-08-11T10:11:23Z</time>
        <extensions>
          <gpxtpx:TrackPointExtension>
            <gpxtpx:hr>154</gpxtpx:hr>
          </gpxtpx:TrackPointExtension>
        </extensions>
      </trkpt>
      <trkpt lat="35.70526692084968" lon="139.66909448616207">
        <ele>47.400001525878906</ele>
        <time>2026-08-11T10:11:24Z</time>
        <extensions>
          <gpxtpx:TrackPointExtension>
            <gpxtpx:hr>154</gpxtpx:hr>
          </gpxtpx:TrackPointExtension>
        </extensions>
      </trkpt>
      <trkpt lat="35.705262729898095" lon="139.66912583447993">
        <ele>47.400001525878906</ele>
        <time>2026-08-11T10:11:25Z</time>
        <extensions>
          <gpxtpx:TrackPointExtension>
            <gpxtpx:hr>154</gpxtpx:hr>
          </gpxtpx:TrackPointExtension>
        </extensions>
      </trkpt>
      <trkpt lat="35.70526055060327" lon="139.669157769531">
        <ele>47.400001525878906</ele>
        <time>2026-08-11T10:11:26Z</time>
        <extensions>
          <gpxtpx:TrackPointExtension>
            <gpxtpx:hr>154</gpxtpx:hr>
          </gpxtpx:TrackPointExtension>
        </extensions>
      </trkpt>
      <trkpt lat="35.70525920949876" lon="139.66919112950563">
        <ele>47.400001525878906</ele>
        <time>2026-08-11T10:11:27Z</time>
        <extensions>
          <gpxtpx:TrackPointExtension>
            <gpxtpx:hr>154</gpxtpx:hr>
          </gpxtpx:TrackPointExtension>
        </extensions>
      </trkpt>
      <trkpt lat="35.70525518618524" lon="139.66922633349895">
        <ele>47.400001525878906</ele>
        <time>2026-08-11T10:11:28Z</time>
        <extensions>
          <gpxtpx:TrackPointExtension>
            <gpxtpx:hr>153</gpxtpx:hr>
          </gpxtpx:TrackPointExtension>
        </extensions>
      </trkpt>
      <trkpt lat="35.70525015704334" lon="139.66925852000713">
        <ele>47.20000076293945</ele>
        <time>2026-08-11T10:11:29Z</time>
        <extensions>
          <gpxtpx:TrackPointExtension>
            <gpxtpx:hr>154</gpxtpx:hr>
          </gpxtpx:TrackPointExtension>
        </extensions>
      </trkpt>
      <trkpt lat="35.705244708806276" lon="139.6692914608866">
        <ele>47.20000076293945</ele>
        <time>2026-08-11T10:11:30Z</time>
        <extensions>
          <gpxtpx:TrackPointExtension>
            <gpxtpx:hr>154</gpxtpx:hr>
          </gpxtpx:TrackPointExtension>
        </extensions>
      </trkpt>
      <trkpt lat="35.705240182578564" lon="139.66932297684252">
        <ele>47.20000076293945</ele>
        <time>2026-08-11T10:11:31Z</time>
        <extensions>
          <gpxtpx:TrackPointExtension>
            <gpxtpx:hr>153</gpxtpx:hr>
          </gpxtpx:TrackPointExtension>
        </extensions>
      </trkpt>
      <trkpt lat="35.70523465052247" lon="139.66935499571264">
        <ele>47.20000076293945</ele>
        <time>2026-08-11T10:11:32Z</time>
        <extensions>
          <gpxtpx:TrackPointExtension>
            <gpxtpx:hr>154</gpxtpx:hr>
          </gpxtpx:TrackPointExtension>
        </extensions>
      </trkpt>
      <trkpt lat="35.7052297051996" lon="139.66938374564052">
        <ele>47.20000076293945</ele>
        <time>2026-08-11T10:11:33Z</time>
        <extensions>
          <gpxtpx:TrackPointExtension>
            <gpxtpx:hr>154</gpxtpx:hr>
          </gpxtpx:TrackPointExtension>
        </extensions>
      </trkpt>
      <trkpt lat="35.705224676057696" lon="139.66941609978676">
        <ele>47.20000076293945</ele>
        <time>2026-08-11T10:11:34Z</time>
        <extensions>
          <gpxtpx:TrackPointExtension>
            <gpxtpx:hr>154</gpxtpx:hr>
          </gpxtpx:TrackPointExtension>
        </extensions>
      </trkpt>
      <trkpt lat="35.705218808725476" lon="139.66944878920913">
        <ele>47.20000076293945</ele>
        <time>2026-08-11T10:11:35Z</time>
        <extensions>
          <gpxtpx:TrackPointExtension>
            <gpxtpx:hr>154</gpxtpx:hr>
          </gpxtpx:TrackPointExtension>
        </extensions>
      </trkpt>
      <trkpt lat="35.70521302521229" lon="139.66947921551764">
        <ele>47.20000076293945</ele>
        <time>2026-08-11T10:11:36Z</time>
        <extensions>
          <gpxtpx:TrackPointExtension>
            <gpxtpx:hr>153</gpxtpx:hr>
          </gpxtpx:TrackPointExtension>
        </extensions>
      </trkpt>
      <trkpt lat="35.705207074061036" lon="139.66951140202582">
        <ele>47.20000076293945</ele>
        <time>2026-08-11T10:11:37Z</time>
        <extensions>
          <gpxtpx:TrackPointExtension>
            <gpxtpx:hr>154</gpxtpx:hr>
          </gpxtpx:TrackPointExtension>
        </extensions>
      </trkpt>
      <trkpt lat="35.70520145818591" lon="139.66954719275236">
        <ele>47</ele>
        <time>2026-08-11T10:11:38Z</time>
        <extensions>
          <gpxtpx:TrackPointExtension>
            <gpxtpx:hr>154</gpxtpx:hr>
          </gpxtpx:TrackPointExtension>
        </extensions>
      </trkpt>
      <trkpt lat="35.70519609376788" lon="139.66957896016538">
        <ele>47</ele>
        <time>2026-08-11T10:11:39Z</time>
        <extensions>
          <gpxtpx:TrackPointExtension>
            <gpxtpx:hr>154</gpxtpx:hr>
          </gpxtpx:TrackPointExtension>
        </extensions>
      </trkpt>
      <trkpt lat="35.705189891159534" lon="139.66961357742548">
        <ele>47</ele>
        <time>2026-08-11T10:11:40Z</time>
        <extensions>
          <gpxtpx:TrackPointExtension>
            <gpxtpx:hr>154</gpxtpx:hr>
          </gpxtpx:TrackPointExtension>
        </extensions>
      </trkpt>
      <trkpt lat="35.705182095989585" lon="139.66964886523783">
        <ele>47</ele>
        <time>2026-08-11T10:11:41Z</time>
        <extensions>
          <gpxtpx:TrackPointExtension>
            <gpxtpx:hr>154</gpxtpx:hr>
          </gpxtpx:TrackPointExtension>
        </extensions>
      </trkpt>
      <trkpt lat="35.70517639629543" lon="139.66968088410795">
        <ele>47</ele>
        <time>2026-08-11T10:11:42Z</time>
        <extensions>
          <gpxtpx:TrackPointExtension>
            <gpxtpx:hr>154</gpxtpx:hr>
          </gpxtpx:TrackPointExtension>
        </extensions>
      </trkpt>
      <trkpt lat="35.70517195388675" lon="139.66971315443516">
        <ele>46.79999923706055</ele>
        <time>2026-08-11T10:11:43Z</time>
        <extensions>
          <gpxtpx:TrackPointExtension>
            <gpxtpx:hr>153</gpxtpx:hr>
          </gpxtpx:TrackPointExtension>
        </extensions>
      </trkpt>
      <trkpt lat="35.70516633801162" lon="139.66974584385753">
        <ele>46.79999923706055</ele>
        <time>2026-08-11T10:11:44Z</time>
        <extensions>
          <gpxtpx:TrackPointExtension>
            <gpxtpx:hr>154</gpxtpx:hr>
          </gpxtpx:TrackPointExtension>
        </extensions>
      </trkpt>
      <trkpt lat="35.70516088977456" lon="139.66977526433766">
        <ele>46.79999923706055</ele>
        <time>2026-08-11T10:11:45Z</time>
        <extensions>
          <gpxtpx:TrackPointExtension>
            <gpxtpx:hr>154</gpxtpx:hr>
          </gpxtpx:TrackPointExtension>
        </extensions>
      </trkpt>
      <trkpt lat="35.70515435189009" lon="139.6698076184839">
        <ele>46.79999923706055</ele>
        <time>2026-08-11T10:11:46Z</time>
        <extensions>
          <gpxtpx:TrackPointExtension>
            <gpxtpx:hr>154</gpxtpx:hr>
          </gpxtpx:TrackPointExtension>
        </extensions>
      </trkpt>
      <trkpt lat="35.7051485683769" lon="139.6698424872011">
        <ele>46.79999923706055</ele>
        <time>2026-08-11T10:11:47Z</time>
        <extensions>
          <gpxtpx:TrackPointExtension>
            <gpxtpx:hr>154</gpxtpx:hr>
          </gpxtpx:TrackPointExtension>
        </extensions>
      </trkpt>
      <trkpt lat="35.70514312013984" lon="139.6698747575283">
        <ele>46.79999923706055</ele>
        <time>2026-08-11T10:11:48Z</time>
        <extensions>
          <gpxtpx:TrackPointExtension>
            <gpxtpx:hr>154</gpxtpx:hr>
          </gpxtpx:TrackPointExtension>
        </extensions>
      </trkpt>
      <trkpt lat="35.705137671902776" lon="139.66990862041712">
        <ele>46.79999923706055</ele>
        <time>2026-08-11T10:11:49Z</time>
        <extensions>
          <gpxtpx:TrackPointExtension>
            <gpxtpx:hr>154</gpxtpx:hr>
          </gpxtpx:TrackPointExtension>
        </extensions>
      </trkpt>
      <trkpt lat="35.705133229494095" lon="139.66994281858206">
        <ele>46.79999923706055</ele>
        <time>2026-08-11T10:11:50Z</time>
        <extensions>
          <gpxtpx:TrackPointExtension>
            <gpxtpx:hr>154</gpxtpx:hr>
          </gpxtpx:TrackPointExtension>
        </extensions>
      </trkpt>
      <trkpt lat="35.705126943066716" lon="139.66997525654733">
        <ele>46.79999923706055</ele>
        <time>2026-08-11T10:11:51Z</time>
        <extensions>
          <gpxtpx:TrackPointExtension>
            <gpxtpx:hr>154</gpxtpx:hr>
          </gpxtpx:TrackPointExtension>
        </extensions>
      </trkpt>
      <trkpt lat="35.70512115955353" lon="139.67000719159842">
        <ele>46.599998474121094</ele>
        <time>2026-08-11T10:11:52Z</time>
        <extensions>
          <gpxtpx:TrackPointExtension>
            <gpxtpx:hr>154</gpxtpx:hr>
          </gpxtpx:TrackPointExtension>
        </extensions>
      </trkpt>
      <trkpt lat="35.70511722005904" lon="139.67003795318305">
        <ele>46.599998474121094</ele>
        <time>2026-08-11T10:11:53Z</time>
        <extensions>
          <gpxtpx:TrackPointExtension>
            <gpxtpx:hr>154</gpxtpx:hr>
          </gpxtpx:TrackPointExtension>
        </extensions>
      </trkpt>
      <trkpt lat="35.70511386729777" lon="139.67006812803447">
        <ele>46.599998474121094</ele>
        <time>2026-08-11T10:11:54Z</time>
        <extensions>
          <gpxtpx:TrackPointExtension>
            <gpxtpx:hr>154</gpxtpx:hr>
          </gpxtpx:TrackPointExtension>
        </extensions>
      </trkpt>
      <trkpt lat="35.7051105145365" lon="139.6700972970575">
        <ele>46.599998474121094</ele>
        <time>2026-08-11T10:11:55Z</time>
        <extensions>
          <gpxtpx:TrackPointExtension>
            <gpxtpx:hr>154</gpxtpx:hr>
          </gpxtpx:TrackPointExtension>
        </extensions>
      </trkpt>
      <trkpt lat="35.705106826499104" lon="139.6701282262802">
        <ele>46.599998474121094</ele>
        <time>2026-08-11T10:11:56Z</time>
        <extensions>
          <gpxtpx:TrackPointExtension>
            <gpxtpx:hr>154</gpxtpx:hr>
          </gpxtpx:TrackPointExtension>
        </extensions>
      </trkpt>
      <trkpt lat="35.705102887004614" lon="139.67015957459807">
        <ele>46.599998474121094</ele>
        <time>2026-08-11T10:11:57Z</time>
        <extensions>
          <gpxtpx:TrackPointExtension>
            <gpxtpx:hr>153</gpxtpx:hr>
          </gpxtpx:TrackPointExtension>
        </extensions>
      </trkpt>
      <trkpt lat="35.70509827695787" lon="139.67018865980208">
        <ele>46.599998474121094</ele>
        <time>2026-08-11T10:11:58Z</time>
        <extensions>
          <gpxtpx:TrackPointExtension>
            <gpxtpx:hr>154</gpxtpx:hr>
          </gpxtpx:TrackPointExtension>
        </extensions>
      </trkpt>
      <trkpt lat="35.7050930801779" lon="139.67021950520575">
        <ele>46.599998474121094</ele>
        <time>2026-08-11T10:11:59Z</time>
        <extensions>
          <gpxtpx:TrackPointExtension>
            <gpxtpx:hr>154</gpxtpx:hr>
          </gpxtpx:TrackPointExtension>
        </extensions>
      </trkpt>
      <trkpt lat="35.70508746430278" lon="139.67025144025683">
        <ele>46.79999923706055</ele>
        <time>2026-08-11T10:12:00Z</time>
        <extensions>
          <gpxtpx:TrackPointExtension>
            <gpxtpx:hr>154</gpxtpx:hr>
          </gpxtpx:TrackPointExtension>
        </extensions>
      </trkpt>
      <trkpt lat="35.705082435160875" lon="139.67028186656535">
        <ele>46.79999923706055</ele>
        <time>2026-08-11T10:12:01Z</time>
        <extensions>
          <gpxtpx:TrackPointExtension>
            <gpxtpx:hr>153</gpxtpx:hr>
          </gpxtpx:TrackPointExtension>
        </extensions>
      </trkpt>
      <trkpt lat="35.705078495666385" lon="139.67031355015934">
        <ele>46.79999923706055</ele>
        <time>2026-08-11T10:12:02Z</time>
        <extensions>
          <gpxtpx:TrackPointExtension>
            <gpxtpx:hr>153</gpxtpx:hr>
          </gpxtpx:TrackPointExtension>
        </extensions>
      </trkpt>
      <trkpt lat="35.7050743047148" lon="139.67034297063947">
        <ele>46.79999923706055</ele>
        <time>2026-08-11T10:12:03Z</time>
        <extensions>
          <gpxtpx:TrackPointExtension>
            <gpxtpx:hr>153</gpxtpx:hr>
          </gpxtpx:TrackPointExtension>
        </extensions>
      </trkpt>
      <trkpt lat="35.70506961084902" lon="139.670376079157">
        <ele>46.79999923706055</ele>
        <time>2026-08-11T10:12:04Z</time>
        <extensions>
          <gpxtpx:TrackPointExtension>
            <gpxtpx:hr>153</gpxtpx:hr>
          </gpxtpx:TrackPointExtension>
        </extensions>
      </trkpt>
      <trkpt lat="35.70506567135453" lon="139.67040818184614">
        <ele>46.79999923706055</ele>
        <time>2026-08-11T10:12:05Z</time>
        <extensions>
          <gpxtpx:TrackPointExtension>
            <gpxtpx:hr>152</gpxtpx:hr>
          </gpxtpx:TrackPointExtension>
        </extensions>
      </trkpt>
      <trkpt lat="35.70506064221263" lon="139.67044103890657">
        <ele>46.599998474121094</ele>
        <time>2026-08-11T10:12:06Z</time>
        <extensions>
          <gpxtpx:TrackPointExtension>
            <gpxtpx:hr>152</gpxtpx:hr>
          </gpxtpx:TrackPointExtension>
        </extensions>
      </trkpt>
      <trkpt lat="35.70505586452782" lon="139.6704730577767">
        <ele>46.599998474121094</ele>
        <time>2026-08-11T10:12:07Z</time>
        <extensions>
          <gpxtpx:TrackPointExtension>
            <gpxtpx:hr>152</gpxtpx:hr>
          </gpxtpx:TrackPointExtension>
        </extensions>
      </trkpt>
      <trkpt lat="35.70505058392882" lon="139.67050826177">
        <ele>46.599998474121094</ele>
        <time>2026-08-11T10:12:08Z</time>
        <extensions>
          <gpxtpx:TrackPointExtension>
            <gpxtpx:hr>152</gpxtpx:hr>
          </gpxtpx:TrackPointExtension>
        </extensions>
      </trkpt>
      <trkpt lat="35.70504547096789" lon="139.67054120264947">
        <ele>46.599998474121094</ele>
        <time>2026-08-11T10:12:09Z</time>
        <extensions>
          <gpxtpx:TrackPointExtension>
            <gpxtpx:hr>152</gpxtpx:hr>
          </gpxtpx:TrackPointExtension>
        </extensions>
      </trkpt>
      <trkpt lat="35.7050396874547" lon="139.67057531699538">
        <ele>46.79999923706055</ele>
        <time>2026-08-11T10:12:10Z</time>
        <extensions>
          <gpxtpx:TrackPointExtension>
            <gpxtpx:hr>152</gpxtpx:hr>
          </gpxtpx:TrackPointExtension>
        </extensions>
      </trkpt>
      <trkpt lat="35.70503373630345" lon="139.67060540802777">
        <ele>46.79999923706055</ele>
        <time>2026-08-11T10:12:11Z</time>
        <extensions>
          <gpxtpx:TrackPointExtension>
            <gpxtpx:hr>152</gpxtpx:hr>
          </gpxtpx:TrackPointExtension>
        </extensions>
      </trkpt>
      <trkpt lat="35.705029712989926" lon="139.67063734307885">
        <ele>47</ele>
        <time>2026-08-11T10:12:12Z</time>
        <extensions>
          <gpxtpx:TrackPointExtension>
            <gpxtpx:hr>152</gpxtpx:hr>
          </gpxtpx:TrackPointExtension>
        </extensions>
      </trkpt>
      <trkpt lat="35.70502552203834" lon="139.67067070305347">
        <ele>47</ele>
        <time>2026-08-11T10:12:13Z</time>
        <extensions>
          <gpxtpx:TrackPointExtension>
            <gpxtpx:hr>152</gpxtpx:hr>
          </gpxtpx:TrackPointExtension>
        </extensions>
      </trkpt>
      <trkpt lat="35.70502158254385" lon="139.67070263810456">
        <ele>47.20000076293945</ele>
        <time>2026-08-11T10:12:14Z</time>
        <extensions>
          <gpxtpx:TrackPointExtension>
            <gpxtpx:hr>152</gpxtpx:hr>
          </gpxtpx:TrackPointExtension>
        </extensions>
      </trkpt>
      <trkpt lat="35.705016888678074" lon="139.6707347407937">
        <ele>47.20000076293945</ele>
        <time>2026-08-11T10:12:15Z</time>
        <extensions>
          <gpxtpx:TrackPointExtension>
            <gpxtpx:hr>152</gpxtpx:hr>
          </gpxtpx:TrackPointExtension>
        </extensions>
      </trkpt>
      <trkpt lat="35.705011608079076" lon="139.6707688551396">
        <ele>47</ele>
        <time>2026-08-11T10:12:16Z</time>
        <extensions>
          <gpxtpx:TrackPointExtension>
            <gpxtpx:hr>152</gpxtpx:hr>
          </gpxtpx:TrackPointExtension>
        </extensions>
      </trkpt>
      <trkpt lat="35.705007668584585" lon="139.6708026342094">
        <ele>47</ele>
        <time>2026-08-11T10:12:17Z</time>
        <extensions>
          <gpxtpx:TrackPointExtension>
            <gpxtpx:hr>152</gpxtpx:hr>
          </gpxtpx:TrackPointExtension>
        </extensions>
      </trkpt>
      <trkpt lat="35.70500314235687" lon="139.670838592574">
        <ele>47</ele>
        <time>2026-08-11T10:12:18Z</time>
        <extensions>
          <gpxtpx:TrackPointExtension>
            <gpxtpx:hr>152</gpxtpx:hr>
          </gpxtpx:TrackPointExtension>
        </extensions>
      </trkpt>
      <trkpt lat="35.70499761030078" lon="139.67087153345346">
        <ele>47</ele>
        <time>2026-08-11T10:12:19Z</time>
        <extensions>
          <gpxtpx:TrackPointExtension>
            <gpxtpx:hr>151</gpxtpx:hr>
          </gpxtpx:TrackPointExtension>
        </extensions>
      </trkpt>
      <trkpt lat="35.70499182678759" lon="139.67090397141874">
        <ele>46.79999923706055</ele>
        <time>2026-08-11T10:12:20Z</time>
        <extensions>
          <gpxtpx:TrackPointExtension>
            <gpxtpx:hr>151</gpxtpx:hr>
          </gpxtpx:TrackPointExtension>
        </extensions>
      </trkpt>
      <trkpt lat="35.70498579181731" lon="139.67093515209854">
        <ele>46.79999923706055</ele>
        <time>2026-08-11T10:12:21Z</time>
        <extensions>
          <gpxtpx:TrackPointExtension>
            <gpxtpx:hr>151</gpxtpx:hr>
          </gpxtpx:TrackPointExtension>
        </extensions>
      </trkpt>
      <trkpt lat="35.704979840666056" lon="139.67096742242575">
        <ele>46.79999923706055</ele>
        <time>2026-08-11T10:12:22Z</time>
        <extensions>
          <gpxtpx:TrackPointExtension>
            <gpxtpx:hr>151</gpxtpx:hr>
          </gpxtpx:TrackPointExtension>
        </extensions>
      </trkpt>
      <trkpt lat="35.7049757335335" lon="139.6710006147623">
        <ele>46.79999923706055</ele>
        <time>2026-08-11T10:12:23Z</time>
        <extensions>
          <gpxtpx:TrackPointExtension>
            <gpxtpx:hr>152</gpxtpx:hr>
          </gpxtpx:TrackPointExtension>
        </extensions>
      </trkpt>
      <trkpt lat="35.70497372187674" lon="139.67103506438434">
        <ele>47</ele>
        <time>2026-08-11T10:12:24Z</time>
        <extensions>
          <gpxtpx:TrackPointExtension>
            <gpxtpx:hr>152</gpxtpx:hr>
          </gpxtpx:TrackPointExtension>
        </extensions>
      </trkpt>
      <trkpt lat="35.70497221313417" lon="139.67106834053993">
        <ele>47</ele>
        <time>2026-08-11T10:12:25Z</time>
        <extensions>
          <gpxtpx:TrackPointExtension>
            <gpxtpx:hr>152</gpxtpx:hr>
          </gpxtpx:TrackPointExtension>
        </extensions>
      </trkpt>
      <trkpt lat="35.704969530925155" lon="139.67110253870487">
        <ele>47</ele>
        <time>2026-08-11T10:12:26Z</time>
        <extensions>
          <gpxtpx:TrackPointExtension>
            <gpxtpx:hr>152</gpxtpx:hr>
          </gpxtpx:TrackPointExtension>
        </extensions>
      </trkpt>
      <trkpt lat="35.704965675249696" lon="139.67113573104143">
        <ele>47.20000076293945</ele>
        <time>2026-08-11T10:12:27Z</time>
        <extensions>
          <gpxtpx:TrackPointExtension>
            <gpxtpx:hr>152</gpxtpx:hr>
          </gpxtpx:TrackPointExtension>
        </extensions>
      </trkpt>
      <trkpt lat="35.704961232841015" lon="139.67116934247315">
        <ele>47.20000076293945</ele>
        <time>2026-08-11T10:12:28Z</time>
        <extensions>
          <gpxtpx:TrackPointExtension>
            <gpxtpx:hr>152</gpxtpx:hr>
          </gpxtpx:TrackPointExtension>
        </extensions>
      </trkpt>
      <trkpt lat="35.7049551140517" lon="139.67120203189552">
        <ele>47.20000076293945</ele>
        <time>2026-08-11T10:12:29Z</time>
        <extensions>
          <gpxtpx:TrackPointExtension>
            <gpxtpx:hr>152</gpxtpx:hr>
          </gpxtpx:TrackPointExtension>
        </extensions>
      </trkpt>
      <trkpt lat="35.704949581995606" lon="139.67123363167048">
        <ele>47.20000076293945</ele>
        <time>2026-08-11T10:12:30Z</time>
        <extensions>
          <gpxtpx:TrackPointExtension>
            <gpxtpx:hr>152</gpxtpx:hr>
          </gpxtpx:TrackPointExtension>
        </extensions>
      </trkpt>
      <trkpt lat="35.70494354702532" lon="139.67126598581672">
        <ele>47.400001525878906</ele>
        <time>2026-08-11T10:12:31Z</time>
        <extensions>
          <gpxtpx:TrackPointExtension>
            <gpxtpx:hr>151</gpxtpx:hr>
          </gpxtpx:TrackPointExtension>
        </extensions>
      </trkpt>
      <trkpt lat="35.70493742823601" lon="139.67129507102072">
        <ele>47.400001525878906</ele>
        <time>2026-08-11T10:12:32Z</time>
        <extensions>
          <gpxtpx:TrackPointExtension>
            <gpxtpx:hr>152</gpxtpx:hr>
          </gpxtpx:TrackPointExtension>
        </extensions>
      </trkpt>
      <trkpt lat="35.70493122562766" lon="139.67132390476763">
        <ele>47.400001525878906</ele>
        <time>2026-08-11T10:12:33Z</time>
        <extensions>
          <gpxtpx:TrackPointExtension>
            <gpxtpx:hr>152</gpxtpx:hr>
          </gpxtpx:TrackPointExtension>
        </extensions>
      </trkpt>
      <trkpt lat="35.7049257773906" lon="139.67135491780937">
        <ele>47.599998474121094</ele>
        <time>2026-08-11T10:12:34Z</time>
        <extensions>
          <gpxtpx:TrackPointExtension>
            <gpxtpx:hr>152</gpxtpx:hr>
          </gpxtpx:TrackPointExtension>
        </extensions>
      </trkpt>
      <trkpt lat="35.70491991005838" lon="139.6713864337653">
        <ele>47.599998474121094</ele>
        <time>2026-08-11T10:12:35Z</time>
        <extensions>
          <gpxtpx:TrackPointExtension>
            <gpxtpx:hr>152</gpxtpx:hr>
          </gpxtpx:TrackPointExtension>
        </extensions>
      </trkpt>
      <trkpt lat="35.70491245016456" lon="139.67142021283507">
        <ele>47.79999923706055</ele>
        <time>2026-08-11T10:12:36Z</time>
        <extensions>
          <gpxtpx:TrackPointExtension>
            <gpxtpx:hr>152</gpxtpx:hr>
          </gpxtpx:TrackPointExtension>
        </extensions>
      </trkpt>
      <trkpt lat="35.70490574464202" lon="139.67145390808582">
        <ele>47.79999923706055</ele>
        <time>2026-08-11T10:12:37Z</time>
        <extensions>
          <gpxtpx:TrackPointExtension>
            <gpxtpx:hr>152</gpxtpx:hr>
          </gpxtpx:TrackPointExtension>
        </extensions>
      </trkpt>
      <trkpt lat="35.70489903911948" lon="139.67148802243173">
        <ele>47.79999923706055</ele>
        <time>2026-08-11T10:12:38Z</time>
        <extensions>
          <gpxtpx:TrackPointExtension>
            <gpxtpx:hr>152</gpxtpx:hr>
          </gpxtpx:TrackPointExtension>
        </extensions>
      </trkpt>
      <trkpt lat="35.70489266887307" lon="139.6715172752738">
        <ele>48</ele>
        <time>2026-08-11T10:12:39Z</time>
        <extensions>
          <gpxtpx:TrackPointExtension>
            <gpxtpx:hr>152</gpxtpx:hr>
          </gpxtpx:TrackPointExtension>
        </extensions>
      </trkpt>
      <trkpt lat="35.704887472093105" lon="139.67154786922038">
        <ele>48</ele>
        <time>2026-08-11T10:12:40Z</time>
        <extensions>
          <gpxtpx:TrackPointExtension>
            <gpxtpx:hr>153</gpxtpx:hr>
          </gpxtpx:TrackPointExtension>
        </extensions>
      </trkpt>
      <trkpt lat="35.70488470606506" lon="139.67158081009984">
        <ele>48</ele>
        <time>2026-08-11T10:12:41Z</time>
        <extensions>
          <gpxtpx:TrackPointExtension>
            <gpxtpx:hr>152</gpxtpx:hr>
          </gpxtpx:TrackPointExtension>
        </extensions>
      </trkpt>
      <trkpt lat="35.70488118566573" lon="139.67161274515092">
        <ele>48</ele>
        <time>2026-08-11T10:12:42Z</time>
        <extensions>
          <gpxtpx:TrackPointExtension>
            <gpxtpx:hr>152</gpxtpx:hr>
          </gpxtpx:TrackPointExtension>
        </extensions>
      </trkpt>
      <trkpt lat="35.704876240342855" lon="139.671644680202">
        <ele>48</ele>
        <time>2026-08-11T10:12:43Z</time>
        <extensions>
          <gpxtpx:TrackPointExtension>
            <gpxtpx:hr>152</gpxtpx:hr>
          </gpxtpx:TrackPointExtension>
        </extensions>
      </trkpt>
      <trkpt lat="35.70486978627741" lon="139.67167443595827">
        <ele>48</ele>
        <time>2026-08-11T10:12:44Z</time>
        <extensions>
          <gpxtpx:TrackPointExtension>
            <gpxtpx:hr>153</gpxtpx:hr>
          </gpxtpx:TrackPointExtension>
        </extensions>
      </trkpt>
      <trkpt lat="35.704864505678415" lon="139.6717051975429">
        <ele>47.79999923706055</ele>
        <time>2026-08-11T10:12:45Z</time>
        <extensions>
          <gpxtpx:TrackPointExtension>
            <gpxtpx:hr>153</gpxtpx:hr>
          </gpxtpx:TrackPointExtension>
        </extensions>
      </trkpt>
      <trkpt lat="35.70486048236489" lon="139.67173545621336">
        <ele>47.79999923706055</ele>
        <time>2026-08-11T10:12:46Z</time>
        <extensions>
          <gpxtpx:TrackPointExtension>
            <gpxtpx:hr>153</gpxtpx:hr>
          </gpxtpx:TrackPointExtension>
        </extensions>
      </trkpt>
      <trkpt lat="35.704854279756546" lon="139.67176764272153">
        <ele>47.599998474121094</ele>
        <time>2026-08-11T10:12:47Z</time>
        <extensions>
          <gpxtpx:TrackPointExtension>
            <gpxtpx:hr>153</gpxtpx:hr>
          </gpxtpx:TrackPointExtension>
        </extensions>
      </trkpt>
      <trkpt lat="35.704847825691104" lon="139.67179857194424">
        <ele>47.599998474121094</ele>
        <time>2026-08-11T10:12:48Z</time>
        <extensions>
          <gpxtpx:TrackPointExtension>
            <gpxtpx:hr>153</gpxtpx:hr>
          </gpxtpx:TrackPointExtension>
        </extensions>
      </trkpt>
      <trkpt lat="35.704842042177916" lon="139.67183277010918">
        <ele>47.599998474121094</ele>
        <time>2026-08-11T10:12:49Z</time>
        <extensions>
          <gpxtpx:TrackPointExtension>
            <gpxtpx:hr>153</gpxtpx:hr>
          </gpxtpx:TrackPointExtension>
        </extensions>
      </trkpt>
      <trkpt lat="35.70483558811247" lon="139.67186395078897">
        <ele>47.400001525878906</ele>
        <time>2026-08-11T10:12:50Z</time>
        <extensions>
          <gpxtpx:TrackPointExtension>
            <gpxtpx:hr>154</gpxtpx:hr>
          </gpxtpx:TrackPointExtension>
        </extensions>
      </trkpt>
      <trkpt lat="35.704827876761556" lon="139.67189605347812">
        <ele>47.400001525878906</ele>
        <time>2026-08-11T10:12:51Z</time>
        <extensions>
          <gpxtpx:TrackPointExtension>
            <gpxtpx:hr>154</gpxtpx:hr>
          </gpxtpx:TrackPointExtension>
        </extensions>
      </trkpt>
      <trkpt lat="35.704820584505796" lon="139.67192832380533">
        <ele>47.400001525878906</ele>
        <time>2026-08-11T10:12:52Z</time>
        <extensions>
          <gpxtpx:TrackPointExtension>
            <gpxtpx:hr>154</gpxtpx:hr>
          </gpxtpx:TrackPointExtension>
        </extensions>
      </trkpt>
      <trkpt lat="35.704811783507466" lon="139.67195883393288">
        <ele>47.599998474121094</ele>
        <time>2026-08-11T10:12:53Z</time>
        <extensions>
          <gpxtpx:TrackPointExtension>
            <gpxtpx:hr>154</gpxtpx:hr>
          </gpxtpx:TrackPointExtension>
        </extensions>
      </trkpt>
      <trkpt lat="35.704804407432675" lon="139.6719916909933">
        <ele>47.599998474121094</ele>
        <time>2026-08-11T10:12:54Z</time>
        <extensions>
          <gpxtpx:TrackPointExtension>
            <gpxtpx:hr>154</gpxtpx:hr>
          </gpxtpx:TrackPointExtension>
        </extensions>
      </trkpt>
      <trkpt lat="35.704796612262726" lon="139.67202429659665">
        <ele>47.599998474121094</ele>
        <time>2026-08-11T10:12:55Z</time>
        <extensions>
          <gpxtpx:TrackPointExtension>
            <gpxtpx:hr>154</gpxtpx:hr>
          </gpxtpx:TrackPointExtension>
        </extensions>
      </trkpt>
      <trkpt lat="35.70478764362633" lon="139.6720574889332">
        <ele>47.599998474121094</ele>
        <time>2026-08-11T10:12:56Z</time>
        <extensions>
          <gpxtpx:TrackPointExtension>
            <gpxtpx:hr>154</gpxtpx:hr>
          </gpxtpx:TrackPointExtension>
        </extensions>
      </trkpt>
      <trkpt lat="35.70478018373251" lon="139.67209042981267">
        <ele>47.599998474121094</ele>
        <time>2026-08-11T10:12:57Z</time>
        <extensions>
          <gpxtpx:TrackPointExtension>
            <gpxtpx:hr>154</gpxtpx:hr>
          </gpxtpx:TrackPointExtension>
        </extensions>
      </trkpt>
      <trkpt lat="35.704776076599956" lon="139.67211968265474">
        <ele>47.599998474121094</ele>
        <time>2026-08-11T10:12:58Z</time>
        <extensions>
          <gpxtpx:TrackPointExtension>
            <gpxtpx:hr>154</gpxtpx:hr>
          </gpxtpx:TrackPointExtension>
        </extensions>
      </trkpt>
      <trkpt lat="35.7047719694674" lon="139.67215304262936">
        <ele>47.599998474121094</ele>
        <time>2026-08-11T10:12:59Z</time>
        <extensions>
          <gpxtpx:TrackPointExtension>
            <gpxtpx:hr>154</gpxtpx:hr>
          </gpxtpx:TrackPointExtension>
        </extensions>
      </trkpt>
      <trkpt lat="35.704767778515816" lon="139.67218648642302">
        <ele>47.599998474121094</ele>
        <time>2026-08-11T10:13:00Z</time>
        <extensions>
          <gpxtpx:TrackPointExtension>
            <gpxtpx:hr>154</gpxtpx:hr>
          </gpxtpx:TrackPointExtension>
        </extensions>
      </trkpt>
      <trkpt lat="35.70476492866874" lon="139.6722173318267">
        <ele>47.599998474121094</ele>
        <time>2026-08-11T10:13:01Z</time>
        <extensions>
          <gpxtpx:TrackPointExtension>
            <gpxtpx:hr>154</gpxtpx:hr>
          </gpxtpx:TrackPointExtension>
        </extensions>
      </trkpt>
      <trkpt lat="35.70475914515555" lon="139.67224876396358">
        <ele>47.400001525878906</ele>
        <time>2026-08-11T10:13:02Z</time>
        <extensions>
          <gpxtpx:TrackPointExtension>
            <gpxtpx:hr>154</gpxtpx:hr>
          </gpxtpx:TrackPointExtension>
        </extensions>
      </trkpt>
      <trkpt lat="35.70475252345204" lon="139.6722791902721">
        <ele>47.400001525878906</ele>
        <time>2026-08-11T10:13:03Z</time>
        <extensions>
          <gpxtpx:TrackPointExtension>
            <gpxtpx:hr>154</gpxtpx:hr>
          </gpxtpx:TrackPointExtension>
        </extensions>
      </trkpt>
      <trkpt lat="35.704745817929506" lon="139.67230835929513">
        <ele>47.400001525878906</ele>
        <time>2026-08-11T10:13:04Z</time>
        <extensions>
          <gpxtpx:TrackPointExtension>
            <gpxtpx:hr>153</gpxtpx:hr>
          </gpxtpx:TrackPointExtension>
        </extensions>
      </trkpt>
      <trkpt lat="35.70473969914019" lon="139.67233928851783">
        <ele>47.400001525878906</ele>
        <time>2026-08-11T10:13:05Z</time>
        <extensions>
          <gpxtpx:TrackPointExtension>
            <gpxtpx:hr>154</gpxtpx:hr>
          </gpxtpx:TrackPointExtension>
        </extensions>
      </trkpt>
      <trkpt lat="35.70473290979862" lon="139.67236778698862">
        <ele>47.400001525878906</ele>
        <time>2026-08-11T10:13:06Z</time>
        <extensions>
          <gpxtpx:TrackPointExtension>
            <gpxtpx:hr>154</gpxtpx:hr>
          </gpxtpx:TrackPointExtension>
        </extensions>
      </trkpt>
      <trkpt lat="35.70472612045705" lon="139.6723973751068">
        <ele>47.400001525878906</ele>
        <time>2026-08-11T10:13:07Z</time>
        <extensions>
          <gpxtpx:TrackPointExtension>
            <gpxtpx:hr>154</gpxtpx:hr>
          </gpxtpx:TrackPointExtension>
        </extensions>
      </trkpt>
      <trkpt lat="35.70471975021064" lon="139.67243023216724">
        <ele>47.400001525878906</ele>
        <time>2026-08-11T10:13:08Z</time>
        <extensions>
          <gpxtpx:TrackPointExtension>
            <gpxtpx:hr>154</gpxtpx:hr>
          </gpxtpx:TrackPointExtension>
        </extensions>
      </trkpt>
      <trkpt lat="35.70471321232617" lon="139.67246443033218">
        <ele>47.400001525878906</ele>
        <time>2026-08-11T10:13:09Z</time>
        <extensions>
          <gpxtpx:TrackPointExtension>
            <gpxtpx:hr>154</gpxtpx:hr>
          </gpxtpx:TrackPointExtension>
        </extensions>
      </trkpt>
      <trkpt lat="35.7047064229846" lon="139.67250030487776">
        <ele>47.400001525878906</ele>
        <time>2026-08-11T10:13:10Z</time>
        <extensions>
          <gpxtpx:TrackPointExtension>
            <gpxtpx:hr>154</gpxtpx:hr>
          </gpxtpx:TrackPointExtension>
        </extensions>
      </trkpt>
      <trkpt lat="35.704701226204634" lon="139.67253190465271">
        <ele>47.20000076293945</ele>
        <time>2026-08-11T10:13:11Z</time>
        <extensions>
          <gpxtpx:TrackPointExtension>
            <gpxtpx:hr>154</gpxtpx:hr>
          </gpxtpx:TrackPointExtension>
        </extensions>
      </trkpt>
      <trkpt lat="35.70469669997692" lon="139.67256392352283">
        <ele>47.20000076293945</ele>
        <time>2026-08-11T10:13:12Z</time>
        <extensions>
          <gpxtpx:TrackPointExtension>
            <gpxtpx:hr>154</gpxtpx:hr>
          </gpxtpx:TrackPointExtension>
        </extensions>
      </trkpt>
      <trkpt lat="35.704692928120494" lon="139.6725936792791">
        <ele>47.20000076293945</ele>
        <time>2026-08-11T10:13:13Z</time>
        <extensions>
          <gpxtpx:TrackPointExtension>
            <gpxtpx:hr>154</gpxtpx:hr>
          </gpxtpx:TrackPointExtension>
        </extensions>
      </trkpt>
      <trkpt lat="35.704692006111145" lon="139.6726238541305">
        <ele>47.20000076293945</ele>
        <time>2026-08-11T10:13:14Z</time>
        <extensions>
          <gpxtpx:TrackPointExtension>
            <gpxtpx:hr>154</gpxtpx:hr>
          </gpxtpx:TrackPointExtension>
        </extensions>
      </trkpt>
      <trkpt lat="35.70469435304403" lon="139.67264807783067">
        <ele>47.400001525878906</ele>
        <time>2026-08-11T10:13:15Z</time>
        <extensions>
          <gpxtpx:TrackPointExtension>
            <gpxtpx:hr>154</gpxtpx:hr>
          </gpxtpx:TrackPointExtension>
        </extensions>
      </trkpt>
      <trkpt lat="35.704698879271746" lon="139.67266467399895">
        <time>2026-08-11T10:13:16Z</time>
      </trkpt>
    </trkseg>
  </trk>
</gpx>